district_code,district_name,source_district_ids,status,color,station_count,usable_station_count,excluded_station_count,normal_count,warning_count,critical_count,partial_data,coverage,trigger_station_codes,latest_observed_at,fetched_at_utc
1001,พระนคร,[1],normal,#24b295,6,6,0,6,0,0,False,complete,"[""WL.PKG.01"", ""WL.KLD.02"", ""WL.KLD.01"", ""WL.BLP.02"", ""WL.KKS.01"", ""WL.OAG.01""]",2026-10-03T15:00:00+07:00,2026-10-03T08:04:34.884413+00:00
1002,ดุสิต,[2],normal,#24b295,5,5,0,5,0,0,False,complete,"[""WL.BKB.01"", ""WL.KKS.02"", ""WL.BSU.01"", ""WL.SSN.02"", ""WL.SSN.01""]",2026-10-03T15:00:00+07:00,2026-10-03T08:04:34.884413+00:00
1003,หนองจอก,[3],critical,#e85965,11,9,2,0,3,6,True,partial,"[""WL.SSM.01"", ""WL.SSB.12"", ""WL.LPT.01"", ""WL.LPC.01"", ""WL.LPG.02"", ""WL.LPG.03""]",2026-10-03T15:00:00+07:00,2026-10-03T08:04:34.884413+00:00
1004,บางรัก,[4],normal,#24b295,2,2,0,2,0,0,False,complete,"[""WL.KKS.04"", ""WL.STR.01""]",2026-10-03T15:00:00+07:00,2026-10-03T08:04:34.884413+00:00
1005,บางเขน,[5],critical,#e85965,6,5,1,2,1,2,True,partial,"[""WL.KSG.01"", ""WL.LOA.01""]",2026-10-03T15:00:00+07:00,2026-10-03T08:04:34.884413+00:00
1006,บางกะปิ,[6],warning,#f4b05b,12,10,2,9,1,0,True,partial,"[""WL.KJA.02""]",2026-10-03T15:00:00+07:00,2026-10-03T08:04:34.884413+00:00
1007,ปทุมวัน,[7],normal,#24b295,3,2,1,2,0,0,True,partial,"[""WL.KKS.03"", ""WL.ORC.01""]",2026-10-03T15:00:00+07:00,2026-10-03T08:04:34.884413+00:00
1008,ป้อมปราบศัตรูพ่าย,[8],normal,#24b295,1,1,0,1,0,0,False,complete,"[""WL.SSB.01""]",2026-10-03T15:00:00+07:00,2026-10-03T08:04:34.884413+00:00
1009,พระโขนง,[9],normal,#24b295,15,13,2,13,0,0,True,partial,"[""WL.BLY.01"", ""WL.BLY.02"", ""WL.KKD.02"", ""WL.BNJ.03"", ""WL.BNJ.01"", ""WL.BOA.02"", ""WL.BNJ.04"", ""WL.BOA.01"", ""WL.KJK.02"", ""WL.BON.01"", ""WL.BOA.03"", ""WL.KJK.01"", ""WL.BJK.01""]",2026-10-03T15:00:00+07:00,2026-10-03T08:04:34.884413+00:00
1010,มีนบุรี,[10],critical,#e85965,7,5,2,0,1,4,True,partial,"[""WL.BYI.01"", ""WL.KSI.01"", ""WL.BKG.01"", ""WL.SSB.10""]",2026-10-03T15:00:00+07:00,2026-10-03T08:04:34.884413+00:00
1011,ลาดกระบัง,[11],critical,#e85965,11,9,2,0,0,9,True,partial,"[""WL.KSM.01"", ""WL.KSM.02"", ""WL.PWT.06"", ""WL.KSI.02"", ""WL.LKB.01"", ""WL.STN.03"", ""WL.PWT.04"", ""WL.STN.02"", ""WL.TPK.03""]",2026-10-03T15:00:00+07:00,2026-10-03T08:04:34.884413+00:00
1012,ยานนาวา,[12],normal,#24b295,2,2,0,2,0,0,False,complete,"[""WL.KDN.01"", ""WL.CNS.01""]",2026-10-03T15:00:00+07:00,2026-10-03T08:04:34.884413+00:00
1013,สัมพันธวงศ์,[],unknown,#676b6b,0,0,0,0,0,0,False,no_station,[],,2026-10-03T08:04:34.884413+00:00
1014,พญาไท,[14],normal,#24b295,3,2,1,2,0,0,True,partial,"[""WL.VPD.02"", ""WL.VPD.01""]",2026-10-03T15:00:00+07:00,2026-10-03T08:04:34.884413+00:00
1015,ธนบุรี,[15],normal,#24b295,3,3,0,3,0,0,False,complete,"[""WL.BKY.01"", ""WL.WSV.01"", ""WL.SRE.01""]",2026-10-03T15:00:00+07:00,2026-10-03T08:04:34.884413+00:00
1016,บางกอกใหญ่,[],unknown,#676b6b,0,0,0,0,0,0,False,no_station,[],,2026-10-03T08:04:34.884413+00:00
1017,ห้วยขวาง,[17],normal,#24b295,14,10,4,10,0,0,True,partial,"[""WL.BSU.07"", ""WL.NKW.02"", ""WL.CYI.02"", ""WL.LPW.05"", ""WL.CYI.01"", ""WL.SSN.10"", ""WL.SSN.08"", ""WL.HKG.02"", ""WL.SSN.07"", ""WL.YSN.02""]",2026-10-03T15:00:00+07:00,2026-10-03T08:04:34.884413+00:00
1018,คลองสาน,[18],normal,#24b295,1,1,0,1,0,0,False,complete,"[""WL.BSK.01""]",2026-10-03T15:00:00+07:00,2026-10-03T08:04:34.884413+00:00
1019,ตลิ่งชัน,[19],normal,#24b295,10,9,1,9,0,0,True,partial,"[""WL.MSW.01"", ""WL.KBU.02"", ""WL.BPM.02"", ""WL.KBU.01"", ""WL.BPM.01"", ""WL.CPA.01"", ""WL.SCO.01"", ""WL.WKT.01"", ""WL.KJU.01""]",2026-10-03T15:00:00+07:00,2026-10-03T08:04:34.884413+00:00
1020,บางกอกน้อย,[20],normal,#24b295,2,2,0,2,0,0,False,complete,"[""WL.KMN.01"", ""WL.BBR.01""]",2026-10-03T15:00:00+07:00,2026-10-03T08:04:34.884413+00:00
1021,บางขุนเทียน,[21],warning,#f4b05b,11,9,2,6,3,0,True,partial,"[""WL.WHK.01"", ""WL.SNC.01"", ""WL.LPN.01""]",2026-10-03T15:00:00+07:00,2026-10-03T08:04:34.884413+00:00
1022,ภาษีเจริญ,[22],normal,#24b295,10,10,0,10,0,0,False,complete,"[""WL.BWK.02"", ""WL.BCN.02"", ""WL.BJK.03"", ""WL.BKY.02"", ""WL.YPE.01"", ""WL.BWK.01"", ""WL.PSC.01"", ""WL.PSC.03"", ""WL.CPA.02"", ""WL.PSC.02""]",2026-10-03T15:00:00+07:00,2026-10-03T08:04:34.884413+00:00
1023,หนองแขม,[23],normal,#24b295,2,1,1,1,0,0,True,partial,"[""WL.PSC.05""]",2026-10-03T15:00:00+07:00,2026-10-03T08:04:34.884413+00:00
1024,ราษฎร์บูรณะ,[24],normal,#24b295,3,3,0,3,0,0,False,complete,"[""WL.DKN.01"", ""WL.BPK.01"", ""WL.JRN.01""]",2026-10-03T15:00:00+07:00,2026-10-03T08:04:34.884413+00:00
1025,บางพลัด,[25],normal,#24b295,3,3,0,3,0,0,False,complete,"[""WL.BYK.02"", ""WL.BYK.01"", ""WL.BBR.02""]",2026-10-03T15:00:00+07:00,2026-10-03T08:04:34.884413+00:00
1026,ดินแดง,[26],normal,#24b295,4,4,0,4,0,0,False,complete,"[""WL.HKG.01"", ""WL.FTM.01"", ""WL.SSN.06"", ""WL.NSG.01""]",2026-10-03T15:00:00+07:00,2026-10-03T08:04:34.884413+00:00
1027,บึงกุ่ม,[27],critical,#e85965,6,4,2,2,1,1,True,partial,"[""WL.SSB.08""]",2026-10-03T15:00:00+07:00,2026-10-03T08:04:34.884413+00:00
1028,สาทร,[],unknown,#676b6b,0,0,0,0,0,0,False,no_station,[],,2026-10-03T08:04:34.884413+00:00
1029,บางซื่อ,[29],normal,#24b295,6,5,1,5,0,0,True,partial,"[""WL.BKA.03"", ""WL.KPM.01"", ""WL.BKA.02"", ""WL.BSU.02"", ""WL.BKA.01""]",2026-10-03T15:00:00+07:00,2026-10-03T08:04:34.884413+00:00
1030,จตุจักร,[30],critical,#e85965,10,9,1,8,0,1,True,partial,"[""WL.KPM.03""]",2026-10-03T15:00:00+07:00,2026-10-03T08:04:34.884413+00:00
1031,บางคอแหลม,[31],normal,#24b295,1,1,0,1,0,0,False,complete,"[""WL.WSI.01""]",2026-10-03T15:00:00+07:00,2026-10-03T08:04:34.884413+00:00
1032,ประเวศ,[32],critical,#e85965,14,12,2,9,0,3,True,partial,"[""WL.TPK.02"", ""WL.PNM.01"", ""WL.PWT.03""]",2026-10-03T15:00:00+07:00,2026-10-03T08:04:34.884413+00:00
1033,คลองเตย,[33],normal,#24b295,2,2,0,2,0,0,False,complete,"[""WL.PKN.01"", ""WL.KTY.01""]",2026-10-03T15:00:00+07:00,2026-10-03T08:04:34.884413+00:00
1034,สวนหลวง,[34],critical,#e85965,11,11,0,8,1,2,False,complete,"[""WL.PWT.02"", ""WL.HMK.01""]",2026-10-03T15:00:00+07:00,2026-10-03T08:04:34.884413+00:00
1035,จอมทอง,[35],normal,#24b295,2,1,1,1,0,0,True,partial,"[""WL.SNC.02""]",2026-10-03T15:00:00+07:00,2026-10-03T08:04:34.884413+00:00
1036,ดอนเมือง,[36],warning,#f4b05b,8,7,1,4,3,0,True,partial,"[""WL.KPM.08"", ""WL.KPM.05"", ""WL.KPM.06""]",2026-10-03T15:00:00+07:00,2026-10-03T08:04:34.884413+00:00
1037,ราชเทวี,[37],normal,#24b295,2,2,0,2,0,0,False,complete,"[""WL.SSB.03"", ""WL.SSN.04""]",2026-10-03T15:00:00+07:00,2026-10-03T08:04:34.884413+00:00
1038,ลาดพร้าว,[38],warning,#f4b05b,5,4,1,3,1,0,True,partial,"[""WL.LPW.03""]",2026-10-03T15:00:00+07:00,2026-10-03T08:04:34.884413+00:00
1039,วัฒนา,[39],normal,#24b295,7,7,0,7,0,0,False,complete,"[""WL.SSB.04"", ""WL.WTN.02"", ""WL.PSI.01"", ""WL.SWU.01"", ""WL.KPG.01"", ""WL.BMK.01"", ""WL.TSK.01""]",2026-10-03T15:00:00+07:00,2026-10-03T08:04:34.884413+00:00
1040,บางแค,[40],critical,#e85965,9,7,2,6,0,1,True,partial,"[""WL.TWW.03""]",2026-10-03T15:00:00+07:00,2026-10-03T08:04:34.884413+00:00
1041,หลักสี่,[41],critical,#e85965,11,4,7,3,0,1,True,partial,"[""WL.WLS.01""]",2026-10-03T15:00:00+07:00,2026-10-03T08:04:34.884413+00:00
1042,สายไหม,[42],critical,#e85965,4,3,1,1,0,2,True,partial,"[""WL.PSR.01"", ""WL.SST.01""]",2026-10-03T15:00:00+07:00,2026-10-03T08:04:34.884413+00:00
1043,คันนายาว,[43],critical,#e85965,3,2,1,0,1,1,True,partial,"[""WL.SSB.09""]",2026-10-03T15:00:00+07:00,2026-10-03T08:04:34.884413+00:00
1044,สะพานสูง,[44],critical,#e85965,4,3,1,1,0,2,True,partial,"[""WL.LBK.02"", ""WL.LBK.03""]",2026-10-03T15:00:00+07:00,2026-10-03T08:04:34.884413+00:00
1045,วังทองหลาง,[45],normal,#24b295,8,7,1,7,0,0,True,partial,"[""WL.LPW.01"", ""WL.LPW.04"", ""WL.WTK.01"", ""WL.CKS.02"", ""WL.KJT.01"", ""WL.CKS.03"", ""WL.CKS.01""]",2026-10-03T15:00:00+07:00,2026-10-03T08:04:34.884413+00:00
1046,คลองสามวา,[46],critical,#e85965,5,5,0,1,0,4,False,complete,"[""WL.PSR.02"", ""WL.PSR.03"", ""WL.PSR.05"", ""WL.SWA.01""]",2026-10-03T15:00:00+07:00,2026-10-03T08:04:34.884413+00:00
1047,บางนา,[47],normal,#24b295,7,7,0,7,0,0,False,complete,"[""WL.BNA.04"", ""WL.BNA.03"", ""WL.LSM.01"", ""WL.BNA.02"", ""WL.LSG.01"", ""WL.BNA.01"", ""WL.BNJ.02""]",2026-10-03T15:00:00+07:00,2026-10-03T08:04:34.884413+00:00
1048,ทวีวัฒนา,[48],warning,#f4b05b,14,14,0,12,2,0,False,complete,"[""WL.BPM.03"", ""WL.BPM.04""]",2026-10-03T15:00:00+07:00,2026-10-03T08:04:34.884413+00:00
1049,ทุ่งครุ,[49],normal,#24b295,1,1,0,1,0,0,False,complete,"[""WL.RJK.01""]",2026-10-03T15:00:00+07:00,2026-10-03T08:04:34.884413+00:00
1050,บางบอน,[50],warning,#f4b05b,5,4,1,3,1,0,True,partial,"[""WL.BBN.03""]",2026-10-03T15:00:00+07:00,2026-10-03T08:04:34.884413+00:00
