station_id,station_code,station_name,source_district_id,district_name,district_code,latitude,longitude,observed_at_source,observed_at_th_source,observed_at_interpreted,age_minutes,source_status,source_color,wl_in,wl_out01,wl_out02,warning,critical,usable_for_district_color,quality_reason,severity,fetched_at_utc
303,WL.RPS.01,คลองรังสิตประยูรศักดิ์ ตอนสถานีสูบน้ำปากคลองรังสิต*,55,อำเภอเมืองปทุมธานี,,13.96807,100.5535,/Date(1790972100000)/,03/10/2569 03:15,2026-10-03T03:15:00+07:00,709.58,ขัดข้อง,#676b6b,1.96,,,1.9,2.2,False,sensor_fault_or_unknown_status,0,2026-10-03T08:04:34.884413+00:00
312,WL.SSB.13,คลองแสนแสบ ตอนถนนศาลาแดง 3*,3,หนองจอก,1003,13.84686,100.9117,/Date(1790972100000)/,03/10/2569 03:15,2026-10-03T03:15:00+07:00,709.58,ขัดข้อง,#676b6b,1.85,,,1.58,1.78,False,sensor_fault_or_unknown_status,0,2026-10-03T08:04:34.884413+00:00
327,WL.KHW.01,สถานีสูบน้ำกลางคลองหกวา ตอนถนนนิมิตใหม่*,54,อำเภอลำลูกกาปทุมธานี,,13.93354,100.7506,/Date(1790972100000)/,03/10/2569 03:15,2026-10-03T03:15:00+07:00,709.58,ขัดข้อง,#676b6b,1.85,,,1.8,2.0,False,sensor_fault_or_unknown_status,0,2026-10-03T08:04:34.884413+00:00
302,WL.K08.01,ปตร.คลองแปด ตอนซอย อบจ.ปทุมธานี2006*,54,อำเภอลำลูกกาปทุมธานี,,13.9378,100.7706,/Date(1790972100000)/,03/10/2569 03:15,2026-10-03T03:15:00+07:00,709.58,ขัดข้อง,#676b6b,1.8,,,1.5,1.8,False,sensor_fault_or_unknown_status,0,2026-10-03T08:04:34.884413+00:00
74,WL.MSW.03,จุดวัดคลองมหาสวัสดิ์ ตอนถนนพุทธมณฑลสาย 2,48,ทวีวัฒนา,1048,13.80187,100.39432,/Date(1791014400000)/,03/10/2569 15:00,2026-10-03T15:00:00+07:00,4.58,ปกติ,#24b295,1.76,,,1.8,2.0,True,usable,1,2026-10-03T08:04:34.884413+00:00
73,WL.MSW.01,จุดวัดคลองมหาสวัสดิ์ ตอนคลองสวนแดน 2,19,ตลิ่งชัน,1019,13.79841,100.45451,/Date(1791014400000)/,03/10/2569 15:00,2026-10-03T15:00:00+07:00,4.58,ปกติ,#24b295,1.75,,,1.8,2.1,True,usable,1,2026-10-03T08:04:34.884413+00:00
311,WL.ANG.01,คลองออเงิน ตอนซอยเพิ่มสิน 15*,42,สายไหม,1042,13.90363,100.63,/Date(1790972100000)/,03/10/2569 03:15,2026-10-03T03:15:00+07:00,709.58,ขัดข้อง,#676b6b,1.67,,,1.3,1.5,False,sensor_fault_or_unknown_status,0,2026-10-03T08:04:34.884413+00:00
76,WL.PKG.01,สถานีสูบน้ำ ปากคลองตลาด,1,พระนคร,1001,13.74218,100.49466,/Date(1791014400000)/,03/10/2569 15:00,2026-10-03T15:00:00+07:00,4.58,ปกติ,#24b295,1.63,,,2.3,2.5,True,usable,1,2026-10-03T08:04:34.884413+00:00
57,WL.KKO.01,จุดวัดคลองเก้า ตอนวัดศรีสุขสถาพร,3,หนองจอก,1003,13.92055,100.79237,/Date(1791014400000)/,03/10/2569 15:00,2026-10-03T15:00:00+07:00,4.58,เตือนภัย,#f4b05b,1.63,,,1.2,1.7,True,usable,2,2026-10-03T08:04:34.884413+00:00
315,WL.K10.01,ปตร.คลองสิบ ตอนซอย อบจ.ปทุมธานี 2006*,54,อำเภอลำลูกกาปทุมธานี,,13.94621,100.8156,/Date(1790972100000)/,03/10/2569 03:15,2026-10-03T03:15:00+07:00,709.58,ขัดข้อง,#676b6b,1.62,,,1.5,1.8,False,sensor_fault_or_unknown_status,0,2026-10-03T08:04:34.884413+00:00
322,WL.KKO.02,ปตร.คลองเก้า ตอนซอย อบจ.ปทุมธานี 2006*,54,อำเภอลำลูกกาปทุมธานี,,13.94372,100.7926,/Date(1790972100000)/,03/10/2569 03:15,2026-10-03T03:15:00+07:00,709.58,ขัดข้อง,#676b6b,1.59,,,1.5,1.8,False,sensor_fault_or_unknown_status,0,2026-10-03T08:04:34.884413+00:00
326,WL.K11.01,ปตร.คลองสิบเอ็ด ตอนซอย อบจ.ปทุมธานี 2006*,54,อำเภอลำลูกกาปทุมธานี,,13.94914,100.8411,/Date(1790972100000)/,03/10/2569 03:15,2026-10-03T03:15:00+07:00,709.58,ขัดข้อง,#676b6b,1.59,,,1.5,1.8,False,sensor_fault_or_unknown_status,0,2026-10-03T08:04:34.884413+00:00
58,WL.SSG.01,จุดวัดคลองสิบสอง ตอนถนนประชาสำราญ,3,หนองจอก,1003,13.91359,100.86248,/Date(1791014400000)/,03/10/2569 15:00,2026-10-03T15:00:00+07:00,4.58,เตือนภัย,#f4b05b,1.55,,,1.2,1.7,True,usable,2,2026-10-03T08:04:34.884413+00:00
324,WL.SSG.02,ปตร.คลองสิบสอง ตอนถนนลำไทร*,54,อำเภอลำลูกกาปทุมธานี,,13.9453,100.864,/Date(1790972100000)/,03/10/2569 03:15,2026-10-03T03:15:00+07:00,709.58,ขัดข้อง,#676b6b,1.54,,,1.5,1.8,False,sensor_fault_or_unknown_status,0,2026-10-03T08:04:34.884413+00:00
304,WL.LPT.05,คลองลำปลาทิว ตอนถนนบุรีภิรมย์*,3,หนองจอก,1003,13.85586,100.8654,/Date(1790972100000)/,03/10/2569 03:15,2026-10-03T03:15:00+07:00,709.58,ขัดข้อง,#676b6b,1.49,,,30.0,50.0,False,sensor_fault_or_unknown_status,0,2026-10-03T08:04:34.884413+00:00
318,WL.SSM.02,คลองสิบสาม ตอนสถานีสูบน้ำกลางคลองหกวาสายล่าง*,54,อำเภอลำลูกกาปทุมธานี,,13.95869,100.8942,/Date(1790972100000)/,03/10/2569 03:15,2026-10-03T03:15:00+07:00,709.58,ขัดข้อง,#676b6b,1.48,,,2.0,2.5,False,sensor_fault_or_unknown_status,0,2026-10-03T08:04:34.884413+00:00
310,WL.POC.01,ปตร.กลางคลองพระองค์เจ้าฯ*,56,อำเภอบางน้ำเปรี้ยว ฉะเชิงเทรา,,13.801,100.9531,/Date(1790972100000)/,03/10/2569 03:15,2026-10-03T03:15:00+07:00,709.58,ขัดข้อง,#676b6b,1.47,,,35.0,50.0,False,sensor_fault_or_unknown_status,0,2026-10-03T08:04:34.884413+00:00
325,WL.SWA.02,คลองสามวา ตอนถนนเทศบาลลำลูกกา1*,54,อำเภอลำลูกกาปทุมธานี,,13.92929,100.7259,/Date(1790972100000)/,03/10/2569 03:15,2026-10-03T03:15:00+07:00,709.58,ขัดข้อง,#676b6b,1.44,,,1.5,1.8,False,sensor_fault_or_unknown_status,0,2026-10-03T08:04:34.884413+00:00
59,WL.SSM.01,ประตูระบายน้ำ คลองสิบสาม,3,หนองจอก,1003,13.85874,100.86779,/Date(1791014400000)/,03/10/2569 15:00,2026-10-03T15:00:00+07:00,4.58,วิกฤต,#e85965,1.35,-99,,1.0,1.1,True,usable,3,2026-10-03T08:04:34.884413+00:00
126,WL.PSR.02,จุดวัดคลองพระยาสุเรนทร์ ตอนถนนหนองระแหง,46,คลองสามวา,1046,13.90121,100.69049,/Date(1791014400000)/,03/10/2569 15:00,2026-10-03T15:00:00+07:00,4.58,วิกฤต,#e85965,1.33,,,1.0,1.2,True,usable,3,2026-10-03T08:04:34.884413+00:00
125,WL.PSR.03,จุดวัดคลองพระยาสุเรนทร์ ตอนถนนจตุโชติ,46,คลองสามวา,1046,13.87621,100.68614,/Date(1791014400000)/,03/10/2569 15:00,2026-10-03T15:00:00+07:00,4.58,วิกฤต,#e85965,1.3,,,1.0,1.2,True,usable,3,2026-10-03T08:04:34.884413+00:00
20,WL.PSR.01,ประตูระบายน้ำ คลองพระยาสุเรนทร์,42,สายไหม,1042,13.92128,100.68731,/Date(1791014400000)/,03/10/2569 15:00,2026-10-03T15:00:00+07:00,4.58,วิกฤต,#e85965,1.3,1.94,,1.1,1.2,True,usable,3,2026-10-03T08:04:34.884413+00:00
51,WL.SSB.12,สถานีสูบน้ำ คลองแสนแสบ หนองจอก,3,หนองจอก,1003,13.85537,100.8721,/Date(1791014400000)/,03/10/2569 15:00,2026-10-03T15:00:00+07:00,4.58,วิกฤต,#e85965,1.25,1.5,,1.0,1.1,True,usable,3,2026-10-03T08:04:34.884413+00:00
132,WL.LPT.01,จุดวัดคลองลำปลาทิว ตอนถนนสังฆสันติสุข,3,หนองจอก,1003,13.85366,100.86679,/Date(1791014400000)/,03/10/2569 15:00,2026-10-03T15:00:00+07:00,4.58,วิกฤต,#e85965,1.25,,,0.9,1.1,True,usable,3,2026-10-03T08:04:34.884413+00:00
251,WL.MSW.02,จุดวัดคลองมหาสวัสดิ์ ตอนวัดปุรณาวาส,48,ทวีวัฒนา,1048,13.8036,100.33512,/Date(1791014400000)/,03/10/2569 15:00,2026-10-03T15:00:00+07:00,4.58,ปกติ,#24b295,1.19,,,1.8,2.0,True,usable,1,2026-10-03T08:04:34.884413+00:00
63,WL.LPC.01,จุดวัดคลองลำผักชี ตอนโรงเรียนลำผักชี,3,หนองจอก,1003,13.79205,100.83524,/Date(1791014400000)/,03/10/2569 15:00,2026-10-03T15:00:00+07:00,4.58,วิกฤต,#e85965,1.17,,,0.6,0.7,True,usable,3,2026-10-03T08:04:34.884413+00:00
19,WL.SST.01,ประตูระบายน้ำ คลองสองสายใต้,42,สายไหม,1042,13.92294,100.63455,/Date(1791014400000)/,03/10/2569 15:00,2026-10-03T15:00:00+07:00,4.58,วิกฤต,#e85965,1.15,1.91,,0.8,1.0,True,usable,3,2026-10-03T08:04:34.884413+00:00
331,WL.LOA.02,จุดวัดคลองรางอ้อ-รางแก้ว ตอน ถ.รามอินทรา,5,บางเขน,1005,13.87564,100.60594,/Date(1791014400000)/,03/10/2569 15:00,2026-10-03T15:00:00+07:00,4.58,ปกติ,#24b295,1.14,,,1.2,1.5,True,usable,1,2026-10-03T08:04:34.884413+00:00
298,WL.PWT.07,ประตูระบายน้ำคลองประเวศฯ - กรมชลประทาน,53,อำเภอบางบ่อสมุทรปราการ,,13.6943,100.8675,/Date(1791014400000)/,03/10/2569 15:00,2026-10-03T15:00:00+07:00,4.58,วิกฤต,#e85965,1.13,,,0.4,0.5,True,usable,3,2026-10-03T08:04:34.884413+00:00
61,WL.LPG.02,ประตูระบายน้ำ คลองหลวงแพ่ง,3,หนองจอก,1003,13.81303,100.93742,/Date(1791014400000)/,03/10/2569 15:00,2026-10-03T15:00:00+07:00,4.58,วิกฤต,#e85965,1.1,1.72,,1.0,1.1,True,usable,3,2026-10-03T08:04:34.884413+00:00
332,WL.KPM.08,คลองเปรมประชากร ตอนสำนักงานเขตดอนเมือง,36,ดอนเมือง,1036,13.91035,100.59337,/Date(1791014400000)/,03/10/2569 15:00,2026-10-03T15:00:00+07:00,4.58,เตือนภัย,#f4b05b,1.09,,,1.0,1.2,True,usable,2,2026-10-03T08:04:34.884413+00:00
114,WL.KSG.01,จุดวัดคลองสอง ตอนถนนพหลโยธิน,5,บางเขน,1005,13.89974,100.61087,/Date(1791014400000)/,03/10/2569 15:00,2026-10-03T15:00:00+07:00,4.58,วิกฤต,#e85965,1.07,,,0.8,1.0,True,usable,3,2026-10-03T08:04:34.884413+00:00
119,WL.KPM.05,จุดวัดคลองเปรมประชากร ตอนถนนสรงประภา,36,ดอนเมือง,1036,13.92316,100.60051,/Date(1791014400000)/,03/10/2569 15:00,2026-10-03T15:00:00+07:00,4.58,เตือนภัย,#f4b05b,1.05,,,1.0,1.2,True,usable,2,2026-10-03T08:04:34.884413+00:00
329,WL.MSW.04,คลองมหาสวัสดิ์ ช่วงโครงการส่งน้ำและบำรุงรักษาพระพิมล*,58,อำเภอนครชัยศรี นครปฐม,,13.81166,100.2265,/Date(1790972400000)/,03/10/2569 03:20,2026-10-03T03:20:00+07:00,704.58,ขัดข้อง,#676b6b,1.05,,,2.9,3.4,False,sensor_fault_or_unknown_status,0,2026-10-03T08:04:34.884413+00:00
69,WL.KPM.06,จุดวัดคลองเปรมประชากร ตอนคลองบ้านใหม่,36,ดอนเมือง,1036,13.94336,100.60579,/Date(1791014400000)/,03/10/2569 15:00,2026-10-03T15:00:00+07:00,4.58,เตือนภัย,#f4b05b,1.04,,,1.0,1.2,True,usable,2,2026-10-03T08:04:34.884413+00:00
172,WL.LPG.03,จุดวัดคลองหลวงแพ่ง ตอนวัดลำต้อยติ่ง,3,หนองจอก,1003,13.75489,100.88956,/Date(1791014400000)/,03/10/2569 15:00,2026-10-03T15:00:00+07:00,4.58,วิกฤต,#e85965,1.04,,,0.6,0.7,True,usable,3,2026-10-03T08:04:34.884413+00:00
316,WL.LPS.01,คลองลำผักชี ตอนซอยรามอินทรา 21*,5,บางเขน,1005,13.87134,100.6216,/Date(1790972100000)/,03/10/2569 03:15,2026-10-03T03:15:00+07:00,709.58,ขัดข้อง,#676b6b,1.03,,,1.8,2.5,False,sensor_fault_or_unknown_status,0,2026-10-03T08:04:34.884413+00:00
281,WL.WHK.01,จุดวัดคลองวัดหัวกระบือ ตอนวัดหัวกระบือ,21,บางขุนเทียน,1021,13.62024,100.45005,/Date(1791014400000)/,03/10/2569 15:00,2026-10-03T15:00:00+07:00,4.58,เตือนภัย,#f4b05b,1.01,,,0.89,1.11,True,usable,2,2026-10-03T08:04:34.884413+00:00
200,WL.KSM.01,จุดวัดคลองสาม ตอนร่มเกล้า 17,11,ลาดกระบัง,1011,13.77538,100.75395,/Date(1791014400000)/,03/10/2569 15:00,2026-10-03T15:00:00+07:00,4.58,วิกฤต,#e85965,1.0,,,0.6,0.7,True,usable,3,2026-10-03T08:04:34.884413+00:00
201,WL.KSM.02,จุดวัดคลองสาม ตอนมอเตอร์เวย์,11,ลาดกระบัง,1011,13.7302,100.7541,/Date(1791014400000)/,03/10/2569 15:00,2026-10-03T15:00:00+07:00,4.58,วิกฤต,#e85965,1.0,,,0.5,0.6,True,usable,3,2026-10-03T08:04:34.884413+00:00
207,WL.WLS.01,จุดวัดคลองวัดหลักสี่ ตอนถนนวิภาวดีรังสิต,41,หลักสี่,1041,13.89041,100.5847,/Date(1791014400000)/,03/10/2569 15:00,2026-10-03T15:00:00+07:00,4.58,วิกฤต,#e85965,1.0,,,0.8,1.0,True,usable,3,2026-10-03T08:04:34.884413+00:00
65,WL.PWT.06,จุดวัดคลองประเวศบุรีรมย์ ตอนถนนร่วมพัฒนา,11,ลาดกระบัง,1011,13.70102,100.85095,/Date(1791014400000)/,03/10/2569 15:00,2026-10-03T15:00:00+07:00,4.58,วิกฤต,#e85965,1.0,,,0.4,0.6,True,usable,3,2026-10-03T08:04:34.884413+00:00
62,WL.BYI.01,จุดวัดคลองบึงใหญ่ ตอนวัดทองสัมฤทธิ์,10,มีนบุรี,1010,13.80069,100.78818,/Date(1791014400000)/,03/10/2569 15:00,2026-10-03T15:00:00+07:00,4.58,วิกฤต,#e85965,1.0,,,0.7,0.9,True,usable,3,2026-10-03T08:04:34.884413+00:00
60,WL.SSB.11,จุดวัดคลองแสนแสบ ตอนวัดทรัพย์สโมสรนิกรเกษม,3,หนองจอก,1003,13.85141,100.80344,/Date(1791014400000)/,03/10/2569 15:00,2026-10-03T15:00:00+07:00,4.58,เตือนภัย,#f4b05b,1.0,,,1.0,1.1,True,usable,2,2026-10-03T08:04:34.884413+00:00
118,WL.KPM.04,คลองเปรมประชากร ตอนคลองบางตลาด*,41,หลักสี่,1041,13.87546,100.57424,/Date(1791014700000)/,03/10/2569 15:05,2026-10-03T15:05:00+07:00,-0.42,ปกติ,#24b295,0.99,,,1.0,1.2,False,future_timestamp,0,2026-10-03T08:04:34.884413+00:00
77,WL.PLK.01,จุดวัดคลองพิทยาลงกรณ์ ช่วงโรงเรียนพิทยาลงกรณ์พิทยาคม,21,บางขุนเทียน,1021,13.52834,100.41782,/Date(1791014400000)/,03/10/2569 15:00,2026-10-03T15:00:00+07:00,4.58,ปกติ,#24b295,0.97,,,1.2,1.4,True,usable,1,2026-10-03T08:04:34.884413+00:00
202,WL.KSI.02,จุดวัดคลองสี่ ตอนถนนเจ้าคุณทหาร,11,ลาดกระบัง,1011,13.75363,100.7689,/Date(1791014400000)/,03/10/2569 15:00,2026-10-03T15:00:00+07:00,4.58,วิกฤต,#e85965,0.97,,,0.5,0.6,True,usable,3,2026-10-03T08:04:34.884413+00:00
203,WL.KSI.01,จุดวัดคลองสี่ ตอนถนนสุวินทวงศ์,10,มีนบุรี,1010,13.81383,100.76524,/Date(1791014400000)/,03/10/2569 15:00,2026-10-03T15:00:00+07:00,4.58,วิกฤต,#e85965,0.97,,,0.8,0.9,True,usable,3,2026-10-03T08:04:34.884413+00:00
148,WL.LOA.01,จุดวัดคลองรางอ้อ-รางแก้ว ตอนถนนพหลโยธิน,5,บางเขน,1005,13.88471,100.60201,/Date(1791014400000)/,03/10/2569 15:00,2026-10-03T15:00:00+07:00,4.58,วิกฤต,#e85965,0.96,,,0.8,0.9,True,usable,3,2026-10-03T08:04:34.884413+00:00
135,WL.LPT.03,จุดวัดคลองลำปลาทิว ตอนซอยฉลองกรุง 8,11,ลาดกระบัง,1011,13.74068,100.79474,/Date(1790535300000)/,28/09/2569 01:55,2026-09-28T01:55:00+07:00,7989.58,ขัดข้อง,#676b6b,0.94,,,0.5,0.6,False,sensor_fault_or_unknown_status,0,2026-10-03T08:04:34.884413+00:00
127,WL.PSR.05,จุดวัดคลองพระยาสุเรนทร์ ตอนปัญญาอินทรา,46,คลองสามวา,1046,13.83698,100.68803,/Date(1791014400000)/,03/10/2569 15:00,2026-10-03T15:00:00+07:00,4.58,วิกฤต,#e85965,0.94,,,0.7,0.8,True,usable,3,2026-10-03T08:04:34.884413+00:00
124,WL.PSR.04,ปตร.พระยาสุเรนทร์ ตอนคู้บอน,46,คลองสามวา,1046,13.85077,100.67829,/Date(1791014400000)/,03/10/2569 15:00,2026-10-03T15:00:00+07:00,4.58,ปกติ,#24b295,0.92,,,1.05,1.15,True,usable,1,2026-10-03T08:04:34.884413+00:00
64,WL.PWT.05,จุดวัดคลองประเวศบุรีรมย์ ตอน รพ.ลาดกระบัง,11,ลาดกระบัง,1011,13.72396,100.78399,/Date(1791012000000)/,03/10/2569 14:20,2026-10-03T14:20:00+07:00,44.58,ขัดข้อง,#676b6b,0.92,,,0.4,0.6,False,sensor_fault_or_unknown_status,0,2026-10-03T08:04:34.884413+00:00
204,WL.LKB.01,จุดวัดคลองลาดกระบัง ตอนซอยลาดกระบัง 54/6,11,ลาดกระบัง,1011,13.72294,100.75193,/Date(1791014400000)/,03/10/2569 15:00,2026-10-03T15:00:00+07:00,4.58,วิกฤต,#e85965,0.92,,,0.5,0.6,True,usable,3,2026-10-03T08:04:34.884413+00:00
79,WL.BPU.01,จุดวัดสถานตากอากาศบางปู,51,อำเภอเมืองสมุทรปราการ,,13.51295,100.65425,/Date(1791014400000)/,03/10/2569 15:00,2026-10-03T15:00:00+07:00,4.58,ปกติ,#24b295,0.91,,,1.6,1.8,True,usable,1,2026-10-03T08:04:34.884413+00:00
21,WL.SWA.01,ประตูระบายน้ำ คลองสามวา,46,คลองสามวา,1046,13.85956,100.72931,/Date(1791014400000)/,03/10/2569 15:00,2026-10-03T15:00:00+07:00,4.58,วิกฤต,#e85965,0.9,1.36,,0.7,0.8,True,usable,3,2026-10-03T08:04:34.884413+00:00
24,WL.LCL.01,จุดวัดคลองลำชะล่า ตอนถนนนวมินทร์,43,คันนายาว,1043,13.8363,100.66134,/Date(1791014400000)/,03/10/2569 15:00,2026-10-03T15:00:00+07:00,4.58,เตือนภัย,#f4b05b,0.9,,,0.8,1.0,True,usable,2,2026-10-03T08:04:34.884413+00:00
131,WL.STN.03,จุดวัดคลองสองต้นนุ่น ตอนถนนมอเตอร์เวย์,11,ลาดกระบัง,1011,13.72975,100.73899,/Date(1791014400000)/,03/10/2569 15:00,2026-10-03T15:00:00+07:00,4.58,วิกฤต,#e85965,0.87,,,0.3,0.4,True,usable,3,2026-10-03T08:04:34.884413+00:00
22,WL.BBU.01,จุดวัดคลองบางบัว,5,บางเขน,1005,13.85806,100.58656,/Date(1791014400000)/,03/10/2569 15:00,2026-10-03T15:00:00+07:00,4.58,เตือนภัย,#f4b05b,0.85,,,0.8,1.0,True,usable,2,2026-10-03T08:04:34.884413+00:00
147,WL.CBJ.01,จุดวัดคลองชวดบางจาก ตอนถนนประชาอุทิศ,17,ห้วยขวาง,1017,13.77211,100.58021,/Date(1780307400000)/,01/06/2569 16:50,2026-06-01T16:50:00+07:00,178454.58,ขัดข้อง,#676b6b,0.84,,,0.1,0.2,False,sensor_fault_or_unknown_status,0,2026-10-03T08:04:34.884413+00:00
330,WL.KPM.07,คลองเปรมประชากร ช่วงสถานีสูบน้ำเปรมใต้รังสิต*,55,อำเภอเมืองปทุมธานี,,13.97933,100.6007,/Date(1790972100000)/,03/10/2569 03:15,2026-10-03T03:15:00+07:00,709.58,ขัดข้อง,#676b6b,0.83,,,0.6,0.8,False,sensor_fault_or_unknown_status,0,2026-10-03T08:04:34.884413+00:00
300,WL.KPM.09,คลองเปรมประชากร ตอนคลองตาอูฐ,41,หลักสี่,1041,13.89979,100.58766,/Date(1790970000000)/,03/10/2569 02:40,2026-10-03T02:40:00+07:00,744.58,ขัดข้อง,#676b6b,0.82,,,1.0,1.2,False,sensor_fault_or_unknown_status,0,2026-10-03T08:04:34.884413+00:00
128,WL.PSR.06,จุดวัดคลองพระยาสุเรนทร์ ตอนบางชัน,10,มีนบุรี,1010,13.80274,100.70165,/Date(1790973900000)/,03/10/2569 03:45,2026-10-03T03:45:00+07:00,679.58,ขัดข้อง,#676b6b,0.82,,,0.8,1.0,False,sensor_fault_or_unknown_status,0,2026-10-03T08:04:34.884413+00:00
89,WL.TWW.01,ประตูระบายน้ำ คลองทวีวัฒนา,48,ทวีวัฒนา,1048,13.80042,100.32977,/Date(1791014400000)/,03/10/2569 15:00,2026-10-03T15:00:00+07:00,4.58,ปกติ,#24b295,0.79,1.11,,0.9,1.0,True,usable,1,2026-10-03T08:04:34.884413+00:00
240,WL.KSO.02,จุดวัดคลองซอย ตอนถนนศาลาธรรมสพน์,48,ทวีวัฒนา,1048,13.80014,100.34874,/Date(1791014400000)/,03/10/2569 15:00,2026-10-03T15:00:00+07:00,4.58,ปกติ,#24b295,0.79,,,0.9,1.0,True,usable,1,2026-10-03T08:04:34.884413+00:00
239,WL.KSO.01,จุดวัดคลองซอย ตอนถนนบรมราชชนนี,48,ทวีวัฒนา,1048,13.78884,100.35271,/Date(1791014400000)/,03/10/2569 15:00,2026-10-03T15:00:00+07:00,4.58,ปกติ,#24b295,0.77,,,0.8,0.9,True,usable,1,2026-10-03T08:04:34.884413+00:00
241,WL.TWW.02,จุดวัดคลองทวีวัฒนา ตอนถนนบรมราชชนนี,48,ทวีวัฒนา,1048,13.78838,100.33518,/Date(1791014400000)/,03/10/2569 15:00,2026-10-03T15:00:00+07:00,4.58,ปกติ,#24b295,0.75,,,0.8,0.9,True,usable,1,2026-10-03T08:04:34.884413+00:00
108,WL.SBR.01,ประตูระบายน้ำ คลองขุนศรีบุรีรักษ์ ตอนคลองมหาสวัสดิ์,48,ทวีวัฒนา,1048,13.80251,100.37078,/Date(1791014400000)/,03/10/2569 15:00,2026-10-03T15:00:00+07:00,4.58,ปกติ,#24b295,0.75,1.18,,1.8,2.0,True,usable,1,2026-10-03T08:04:34.884413+00:00
27,WL.BKG.01,ประตูระบายน้ำ คลองบึงขวาง,10,มีนบุรี,1010,13.79955,100.74475,/Date(1791014400000)/,03/10/2569 15:00,2026-10-03T15:00:00+07:00,4.58,วิกฤต,#e85965,0.75,-2.0,,0.5,0.6,True,usable,3,2026-10-03T08:04:34.884413+00:00
323,WL.BBU.02,คลองบางบัว ตอนถนนแจ้งวัฒนะ*,41,หลักสี่,1041,13.87786,100.5877,/Date(1790972100000)/,03/10/2569 03:15,2026-10-03T03:15:00+07:00,709.58,ขัดข้อง,#676b6b,0.75,,,0.84,1.04,False,sensor_fault_or_unknown_status,0,2026-10-03T08:04:34.884413+00:00
18,WL.BWK.03,จุดวัดคลองบางแวก ตอนคลองทวีวัฒนา,23,หนองแขม,1023,13.72619,100.36426,/Date(1790624100000)/,29/09/2569 02:35,2026-09-29T02:35:00+07:00,6509.58,ขัดข้อง,#676b6b,0.74,,,0.7,0.8,False,sensor_fault_or_unknown_status,0,2026-10-03T08:04:34.884413+00:00
39,WL.PWT.04,ประตูระบายน้ำ คลองประเวศบุรีรมย์ ตอนลาดกระบัง,11,ลาดกระบัง,1011,13.72411,100.74987,/Date(1791014400000)/,03/10/2569 15:00,2026-10-03T15:00:00+07:00,4.58,วิกฤต,#e85965,0.74,0.81,,0.4,0.6,True,usable,3,2026-10-03T08:04:34.884413+00:00
242,WL.TWW.03,จุดวัดคลองทวีวัฒนา ตอนถนนเพชรเกษม,40,บางแค,1040,13.70769,100.37369,/Date(1791014400000)/,03/10/2569 15:00,2026-10-03T15:00:00+07:00,4.58,วิกฤต,#e85965,0.74,,,0.6,0.7,True,usable,3,2026-10-03T08:04:34.884413+00:00
299,WL.KT4.01,จุดวัดบึงรับน้ำหมู่บ้าน เคหะธานี 4,44,สะพานสูง,1044,13.78244,100.71265,/Date(1790981700000)/,03/10/2569 05:55,2026-10-03T05:55:00+07:00,549.58,ขัดข้อง,#676b6b,0.74,,,0.4,0.5,False,sensor_fault_or_unknown_status,0,2026-10-03T08:04:34.884413+00:00
25,WL.SSB.10,ประตูระบายน้ำ คลองแสนแสบ ตอนถนนประชาร่วมใจ,10,มีนบุรี,1010,13.82094,100.74738,/Date(1791014400000)/,03/10/2569 15:00,2026-10-03T15:00:00+07:00,4.58,วิกฤต,#e85965,0.73,1.27,,0.5,0.6,True,usable,3,2026-10-03T08:04:34.884413+00:00
130,WL.STN.02,จุดวัดคลองสองต้นนุ่น ตอนซอยร่มเกล้า 20 ,11,ลาดกระบัง,1011,13.7771,100.73883,/Date(1791014400000)/,03/10/2569 15:00,2026-10-03T15:00:00+07:00,4.58,วิกฤต,#e85965,0.73,,,0.4,0.6,True,usable,3,2026-10-03T08:04:34.884413+00:00
110,WL.TWW.04,จุดวัดคลองทวีวัฒนา ตอนคลองบางเชือกหนัง,48,ทวีวัฒนา,1048,13.75063,100.3534,/Date(1791014400000)/,03/10/2569 15:00,2026-10-03T15:00:00+07:00,4.58,ปกติ,#24b295,0.72,,,0.8,0.9,True,usable,1,2026-10-03T08:04:34.884413+00:00
218,WL.KKY.01,จุดวัดคลองควาย ตอนถนนศาลาธรรมสพน์,48,ทวีวัฒนา,1048,13.79744,100.38155,/Date(1791014400000)/,03/10/2569 15:00,2026-10-03T15:00:00+07:00,4.58,ปกติ,#24b295,0.69,,,0.9,1.0,True,usable,1,2026-10-03T08:04:34.884413+00:00
219,WL.KKY.02,จุดวัดคลองควาย ตอนถนนบรมราชชนนี,48,ทวีวัฒนา,1048,13.78593,100.38354,/Date(1791014400000)/,03/10/2569 15:00,2026-10-03T15:00:00+07:00,4.58,ปกติ,#24b295,0.68,,,0.9,1.0,True,usable,1,2026-10-03T08:04:34.884413+00:00
176,WL.LBK.02,จุดวัดคลองลาดบัวขาว ตอนถนนเคหะร่มเกล้า,44,สะพานสูง,1044,13.76991,100.71494,/Date(1791014400000)/,03/10/2569 15:00,2026-10-03T15:00:00+07:00,4.58,วิกฤต,#e85965,0.68,,,0.3,0.4,True,usable,3,2026-10-03T08:04:34.884413+00:00
29,WL.SSB.09,ประตูระบายน้ำ คลองแสนแสบ ตอนบางชัน,43,คันนายาว,1043,13.7972,100.70458,/Date(1791014400000)/,03/10/2569 15:00,2026-10-03T15:00:00+07:00,4.58,วิกฤต,#e85965,0.67,1.1,,0.4,0.5,True,usable,3,2026-10-03T08:04:34.884413+00:00
214,WL.SBR.02,จุดวัดคลองบางขุนศรีบุรีรักษ์ ตอนถนนบรมราชชนนี,48,ทวีวัฒนา,1048,13.78651,100.37053,/Date(1791014400000)/,03/10/2569 15:00,2026-10-03T15:00:00+07:00,4.58,ปกติ,#24b295,0.66,,,0.9,1.0,True,usable,1,2026-10-03T08:04:34.884413+00:00
154,WL.LCL.02,จุดวัดคลองลำชะล่า ตอนซอยนวมินทร์ 86,43,คันนายาว,1043,13.8242,100.66005,/Date(1791012600000)/,03/10/2569 14:30,2026-10-03T14:30:00+07:00,34.58,ขัดข้อง,#676b6b,0.65,,,0.6,0.7,False,sensor_fault_or_unknown_status,0,2026-10-03T08:04:34.884413+00:00
205,WL.TPK.03,จุดวัดคลองตาพุก ตอนคลองทับช้างบน,11,ลาดกระบัง,1011,13.74247,100.70891,/Date(1791014400000)/,03/10/2569 15:00,2026-10-03T15:00:00+07:00,4.58,วิกฤต,#e85965,0.64,,,0.3,0.4,True,usable,3,2026-10-03T08:04:34.884413+00:00
72,WL.LPW.03,จุดวัดคลองลาดพร้าว ช่วงซอยเสนานิคม,38,ลาดพร้าว,1038,13.83224,100.58974,/Date(1791014400000)/,03/10/2569 15:00,2026-10-03T15:00:00+07:00,4.58,เตือนภัย,#f4b05b,0.64,,,0.6,0.75,True,usable,2,2026-10-03T08:04:34.884413+00:00
273,WL.BAM.01,จุดวัดคลองบ้านใหม่ ตอนซอยพระแม่การุณย์ 27,52,อำเภอปากเกร็ดนนทบุรี,,13.95064,100.55926,/Date(1791014400000)/,03/10/2569 15:00,2026-10-03T15:00:00+07:00,4.58,ปกติ,#24b295,0.63,,,0.8,1.01,True,usable,1,2026-10-03T08:04:34.884413+00:00
177,WL.LBK.03,จุดวัดคลองลาดบัวขาว ตอนซอยกาญจนาภิเษก 24,44,สะพานสูง,1044,13.74974,100.70291,/Date(1791014400000)/,03/10/2569 15:00,2026-10-03T15:00:00+07:00,4.58,วิกฤต,#e85965,0.62,,,0.3,0.4,True,usable,3,2026-10-03T08:04:34.884413+00:00
206,WL.TPK.02,จุดวัดคลองตาพุก ตอนถนนลาดกระบัง,32,ประเวศ,1032,13.72193,100.70919,/Date(1791014400000)/,03/10/2569 15:00,2026-10-03T15:00:00+07:00,4.58,วิกฤต,#e85965,0.61,,,0.3,0.4,True,usable,3,2026-10-03T08:04:34.884413+00:00
313,WL.RMN.01,คลองรางแม่น้ำ ช่วงซอยประชาอุทิศ 76*,21,บางขุนเทียน,1021,13.61373,100.48143,/Date(1790972400000)/,03/10/2569 03:20,2026-10-03T03:20:00+07:00,704.58,ขัดข้อง,#676b6b,0.61,,,2.0,3.4,False,sensor_fault_or_unknown_status,0,2026-10-03T08:04:34.884413+00:00
10,WL.BPM.03,จุดวัดคลองบางพรม ตอนถนนกาญจนาภิเษก,48,ทวีวัฒนา,1048,13.76264,100.39624,/Date(1791014400000)/,03/10/2569 15:00,2026-10-03T15:00:00+07:00,4.58,เตือนภัย,#f4b05b,0.6,,,0.6,0.7,True,usable,2,2026-10-03T08:04:34.884413+00:00
11,WL.BPM.04,จุดวัดคลองบางพรม ตอนถนนพุทธมณฑลสาย 3,48,ทวีวัฒนา,1048,13.76866,100.36401,/Date(1791014400000)/,03/10/2569 15:00,2026-10-03T15:00:00+07:00,4.58,เตือนภัย,#f4b05b,0.6,,,0.6,1.0,True,usable,2,2026-10-03T08:04:34.884413+00:00
129,WL.STN.01,จุดวัดคลองสองต้นนุ่น ตอนถนนรามคำแหง,10,มีนบุรี,1010,13.80817,100.73067,/Date(1791014100000)/,03/10/2569 14:55,2026-10-03T14:55:00+07:00,9.58,เตือนภัย,#f4b05b,0.58,,,0.4,0.6,True,usable,2,2026-10-03T08:04:34.884413+00:00
319,WL.PSC.06,คลองภาษีเจริญ ช่วงโครงการส่งน้ำและบำรุงรักษาภาษีเจริญ*,57,อำเภอกระทุ่มแบน สมุทรสาคร,,13.6462,100.2373,/Date(1790972100000)/,03/10/2569 03:15,2026-10-03T03:15:00+07:00,709.58,ขัดข้อง,#676b6b,0.58,,,230.0,440.0,False,sensor_fault_or_unknown_status,0,2026-10-03T08:04:34.884413+00:00
17,WL.BWK.02,จุดวัดคลองบางแวก ตอนถนนพุทธมณฑลสาย 1,22,ภาษีเจริญ,1022,13.73345,100.43283,/Date(1791014400000)/,03/10/2569 15:00,2026-10-03T15:00:00+07:00,4.58,ปกติ,#24b295,0.56,,,0.6,0.7,True,usable,1,2026-10-03T08:04:34.884413+00:00
7,WL.BKA.04,จุดวัดคลองบางเขน ช่วงถนนวิภาวดีรังสิต,41,หลักสี่,1041,13.85572,100.56673,/Date(1791014400000)/,03/10/2569 15:00,2026-10-03T15:00:00+07:00,4.58,ปกติ,#24b295,0.55,,,0.6,0.7,True,usable,1,2026-10-03T08:04:34.884413+00:00
263,WL.PNM.01,จุดวัดคลองปากน้ำ ตอนถนนคู่ขนานกาญจนาภิเษก,32,ประเวศ,1032,13.68035,100.69899,/Date(1791014400000)/,03/10/2569 15:00,2026-10-03T15:00:00+07:00,4.58,วิกฤต,#e85965,0.53,,,0.2,0.3,True,usable,3,2026-10-03T08:04:34.884413+00:00
290,WL.BNS.01,จุดวัดคลองบ้านไทร ตอนถนนพุทธมณฑลสาย 2,48,ทวีวัฒนา,1048,13.78274,100.3949,/Date(1791014400000)/,03/10/2569 15:00,2026-10-03T15:00:00+07:00,4.58,ปกติ,#24b295,0.52,,,2.78,3.47,True,usable,1,2026-10-03T08:04:34.884413+00:00
2,WL.BCN.03,จุดวัดคลองบางเชือกหนัง ตอนถนนพุทธมณฑลสาย 2,40,บางแค,1040,13.75173,100.39162,/Date(1791014400000)/,03/10/2569 15:00,2026-10-03T15:00:00+07:00,4.58,ปกติ,#24b295,0.52,,,0.7,1.0,True,usable,1,2026-10-03T08:04:34.884413+00:00
305,WL.BMD.01,คลองบางมด ตอนซอยพุทธบูชา 24*,35,จอมทอง,1035,13.66071,100.46997,/Date(1790972100000)/,03/10/2569 03:15,2026-10-03T03:15:00+07:00,709.58,ขัดข้อง,#676b6b,0.51,,,1.8,2.0,False,sensor_fault_or_unknown_status,0,2026-10-03T08:04:34.884413+00:00
88,WL.SSB.08,จุดวัดคลองแสนแสบ ช่วงซอยเสรีไทย 24,27,บึงกุ่ม,1027,13.7805,100.67387,/Date(1791014400000)/,03/10/2569 15:00,2026-10-03T15:00:00+07:00,4.58,วิกฤต,#e85965,0.5,,,0.35,0.45,True,usable,3,2026-10-03T08:04:34.884413+00:00
4,WL.BJK.04,จุดวัดคลองบางจาก ตอนถนนพุทธมณฑลสาย 2 ,40,บางแค,1040,13.71484,100.39596,/Date(1791014400000)/,03/10/2569 15:00,2026-10-03T15:00:00+07:00,4.58,ปกติ,#24b295,0.49,,,0.6,0.7,True,usable,1,2026-10-03T08:04:34.884413+00:00
1,WL.BCN.01,จุดวัดคลองบางเชือกหนัง ตอนถนนกาญจนาภิเษก,40,บางแค,1040,13.74925,100.40654,/Date(1791014400000)/,03/10/2569 15:00,2026-10-03T15:00:00+07:00,4.58,ปกติ,#24b295,0.47,,,0.6,0.7,True,usable,1,2026-10-03T08:04:34.884413+00:00
93,WL.BCN.02,จุดวัดคลองบางเชือกหนัง ตอนถนนพุทธมณฑลสาย 1,22,ภาษีเจริญ,1022,13.74219,100.42747,/Date(1791014400000)/,03/10/2569 15:00,2026-10-03T15:00:00+07:00,4.58,ปกติ,#24b295,0.46,,,0.6,0.7,True,usable,1,2026-10-03T08:04:34.884413+00:00
252,WL.BJK.02,จุดวัดคลองบางจาก ตอนซอยเพชรเกษม 68 ,40,บางแค,1040,13.71575,100.41648,/Date(1791014400000)/,03/10/2569 15:00,2026-10-03T15:00:00+07:00,4.58,ปกติ,#24b295,0.46,,,0.7,0.8,True,usable,1,2026-10-03T08:04:34.884413+00:00
247,WL.KBU.02,จุดวัดคลองบัว ตอนถนนพุทธมณฑลสาย 1,19,ตลิ่งชัน,1019,13.7797,100.42681,/Date(1791014400000)/,03/10/2569 15:00,2026-10-03T15:00:00+07:00,4.58,ปกติ,#24b295,0.45,,,0.9,1.0,True,usable,1,2026-10-03T08:04:34.884413+00:00
190,WL.BTY.01,จุดวัดคลองบางเตย ตอนถนนนวมินทร์ 66/3,27,บึงกุ่ม,1027,13.8065,100.64899,/Date(1791014400000)/,03/10/2569 15:00,2026-10-03T15:00:00+07:00,4.58,เตือนภัย,#f4b05b,0.45,,,0.4,0.5,True,usable,2,2026-10-03T08:04:34.884413+00:00
40,WL.PWT.03,ประตูระบายน้ำ คลองประเวศบุรีรมย์ ตอนวัดกระทุ่มเสือปลา,32,ประเวศ,1032,13.72396,100.68956,/Date(1791014400000)/,03/10/2569 15:00,2026-10-03T15:00:00+07:00,4.58,วิกฤต,#e85965,0.45,0.46,,0.2,0.2,True,usable,3,2026-10-03T08:04:34.884413+00:00
100,WL.TWW.05,จุดวัดคลองทวีวัฒนา ตอนคลองภาษีเจริญ,40,บางแค,1040,13.69163,100.38106,/Date(1791014400000)/,03/10/2569 15:00,2026-10-03T15:00:00+07:00,4.58,ปกติ,#24b295,0.44,,,0.6,0.7,True,usable,1,2026-10-03T08:04:34.884413+00:00
112,WL.BBN.03,จุดวัดคลองบางบอน ตอนคลองสะแกงาม,50,บางบอน,1050,13.64249,100.37944,/Date(1791014400000)/,03/10/2569 15:00,2026-10-03T15:00:00+07:00,4.58,เตือนภัย,#f4b05b,0.44,,,0.4,0.5,True,usable,2,2026-10-03T08:04:34.884413+00:00
183,WL.RSK.01,จุดวัดคลองราษฎร์สามัคคี ตอนถนนเพชรเกษม 63,40,บางแค,1040,13.70339,100.39142,/Date(1791014400000)/,03/10/2569 15:00,2026-10-03T15:00:00+07:00,4.58,ปกติ,#24b295,0.44,,,0.6,0.7,True,usable,1,2026-10-03T08:04:34.884413+00:00
3,WL.BJK.03,จุดวัดคลองบางจาก ตอนคลองบางหว้า,22,ภาษีเจริญ,1022,13.71868,100.44174,/Date(1791014400000)/,03/10/2569 15:00,2026-10-03T15:00:00+07:00,4.58,ปกติ,#24b295,0.42,,,0.6,0.7,True,usable,1,2026-10-03T08:04:34.884413+00:00
9,WL.BPM.02,จุดวัดคลองบางพรม ตอนถนนฉิมพลี,19,ตลิ่งชัน,1019,13.75707,100.43334,/Date(1791014400000)/,03/10/2569 15:00,2026-10-03T15:00:00+07:00,4.58,ปกติ,#24b295,0.42,,,0.6,0.7,True,usable,1,2026-10-03T08:04:34.884413+00:00
314,WL.BKK.01,คลองบางขี้แก้ง ตอนถนนพุทธมณฑลสาย2*,40,บางแค,1040,13.72276,100.3952,/Date(1790972400000)/,03/10/2569 03:20,2026-10-03T03:20:00+07:00,704.58,ขัดข้อง,#676b6b,0.42,,,1.12,1.32,False,sensor_fault_or_unknown_status,0,2026-10-03T08:04:34.884413+00:00
90,WL.KBU.01,ประตูระบายน้ำ คลองบัว ตอนทางรถไฟสายใต้,19,ตลิ่งชัน,1019,13.79993,100.41599,/Date(1791014400000)/,03/10/2569 15:00,2026-10-03T15:00:00+07:00,4.58,ปกติ,#24b295,0.41,1.7,,0.7,0.8,True,usable,1,2026-10-03T08:04:34.884413+00:00
109,WL.BKY.02,จุดวัดคลองบางเชือกหนัง ตอนวัดปากน้ำฝั่งใต้,22,ภาษีเจริญ,1022,13.74358,100.45955,/Date(1791014400000)/,03/10/2569 15:00,2026-10-03T15:00:00+07:00,4.58,ปกติ,#24b295,0.4,,,0.6,0.7,True,usable,1,2026-10-03T08:04:34.884413+00:00
294,WL.PSC.05,จุดวัดคลองภาษีเจริญ ตอนวัดหนองแขม,23,หนองแขม,1023,13.67753,100.33789,/Date(1791014400000)/,03/10/2569 15:00,2026-10-03T15:00:00+07:00,4.58,ปกติ,#24b295,0.38,,,0.6,0.7,True,usable,1,2026-10-03T08:04:34.884413+00:00
254,WL.YPE.01,จุดคลองยายเพียร ตอนถนนเพชรเกษม,22,ภาษีเจริญ,1022,13.71253,100.43219,/Date(1791014400000)/,03/10/2569 15:00,2026-10-03T15:00:00+07:00,4.58,ปกติ,#24b295,0.37,,,1.65,1.85,True,usable,1,2026-10-03T08:04:34.884413+00:00
158,WL.NK3.01,จุดวัดคลองคูนายกิมสาย 3  ตอนถนนประชาอุทิศ,36,ดอนเมือง,1036,13.9272,100.58565,/Date(1791014400000)/,03/10/2569 15:00,2026-10-03T15:00:00+07:00,4.58,ปกติ,#24b295,0.37,,,0.7,0.9,True,usable,1,2026-10-03T08:04:34.884413+00:00
262,WL.JKK.01,จุดวัดคลองจระเข้ขบ ตอนถนนสุขาภิบาล 2 ซอย 2,32,ประเวศ,1032,13.71579,100.70241,/Date(1790994300000)/,03/10/2569 09:25,2026-10-03T09:25:00+07:00,339.58,ขัดข้อง,#676b6b,0.36,,,0.2,0.6,False,sensor_fault_or_unknown_status,0,2026-10-03T08:04:34.884413+00:00
16,WL.BWK.01,จุดวัดคลองบางแวก ตอนคลองบางกอกใหญ่,22,ภาษีเจริญ,1022,13.73823,100.45901,/Date(1791014400000)/,03/10/2569 15:00,2026-10-03T15:00:00+07:00,4.58,ปกติ,#24b295,0.36,,,0.8,0.9,True,usable,1,2026-10-03T08:04:34.884413+00:00
95,WL.PSC.01,สถานีสูบน้ำ คลองภาษีเจริญ,22,ภาษีเจริญ,1022,13.72221,100.46868,/Date(1791014400000)/,03/10/2569 15:00,2026-10-03T15:00:00+07:00,4.58,ปกติ,#24b295,0.35,0.37,,0.7,0.8,True,usable,1,2026-10-03T08:04:34.884413+00:00
103,WL.RJK.01,ประตูระบายน้ำ คลองรางจาก ตอนถนนประชาอุทิศ,49,ทุ่งครุ,1049,13.63487,100.50202,/Date(1791014400000)/,03/10/2569 15:00,2026-10-03T15:00:00+07:00,4.58,ปกติ,#24b295,0.35,0.35,,0.55,0.6,True,usable,1,2026-10-03T08:04:34.884413+00:00
96,WL.PSC.03,จุดวัดคลองราชมนตรี ตอนคลองภาษีเจริญ,22,ภาษีเจริญ,1022,13.70818,100.42615,/Date(1791014400000)/,03/10/2569 15:00,2026-10-03T15:00:00+07:00,4.58,ปกติ,#24b295,0.34,,,0.6,0.7,True,usable,1,2026-10-03T08:04:34.884413+00:00
280,WL.CPA.02,จุดวัดคลองชักพระ ตอนวัดคูหาสวรรค์,22,ภาษีเจริญ,1022,13.73232,100.46284,/Date(1791014400000)/,03/10/2569 15:00,2026-10-03T15:00:00+07:00,4.58,ปกติ,#24b295,0.34,,,0.93,1.16,True,usable,1,2026-10-03T08:04:34.884413+00:00
287,WL.MCM.01,จุดวัดคลองหมื่นแช่ม ตอนถนนเอกชัย,50,บางบอน,1050,13.64931,100.38578,/Date(1791014400000)/,03/10/2569 15:00,2026-10-03T15:00:00+07:00,4.58,ปกติ,#24b295,0.33,,,1.12,1.4,True,usable,1,2026-10-03T08:04:34.884413+00:00
250,WL.PSC.02,จุดวัดคลองภาษีเจริญ ตอนวัดรางบัว,22,ภาษีเจริญ,1022,13.71167,100.43889,/Date(1791014400000)/,03/10/2569 15:00,2026-10-03T15:00:00+07:00,4.58,ปกติ,#24b295,0.33,,,0.7,0.8,True,usable,1,2026-10-03T08:04:34.884413+00:00
94,WL.BKY.01,สถานีสูบน้ำ คลองบางกอกใหญ่,15,ธนบุรี,1015,13.7402,100.48992,/Date(1791014400000)/,03/10/2569 15:00,2026-10-03T15:00:00+07:00,4.58,ปกติ,#24b295,0.33,1.72,,0.8,0.9,True,usable,1,2026-10-03T08:04:34.884413+00:00
68,WL.KPM.03,จุดวัดคลองเปรมประชากร ช่วงวัดเทวสุนทร,30,จตุจักร,1030,13.85069,100.56091,/Date(1791014400000)/,03/10/2569 15:00,2026-10-03T15:00:00+07:00,4.58,วิกฤต,#e85965,0.32,,,0.1,0.2,True,usable,3,2026-10-03T08:04:34.884413+00:00
98,WL.SNC.02,จุดวัดคลองสนามชัย ตอนคลองบางขุนเทียน,35,จอมทอง,1035,13.70099,100.46486,/Date(1791014400000)/,03/10/2569 15:00,2026-10-03T15:00:00+07:00,4.58,ปกติ,#24b295,0.31,,,0.5,0.6,True,usable,1,2026-10-03T08:04:34.884413+00:00
92,WL.KMN.01,สถานีสูบน้ำ คลองมอญ,20,บางกอกน้อย,1020,13.74703,100.48489,/Date(1791014400000)/,03/10/2569 15:00,2026-10-03T15:00:00+07:00,4.58,ปกติ,#24b295,0.3,1.7,,0.8,0.9,True,usable,1,2026-10-03T08:04:34.884413+00:00
8,WL.BPM.01,จุดวัดคลองบางพรม ตอนคลองชักพระ,19,ตลิ่งชัน,1019,13.75973,100.45337,/Date(1791014400000)/,03/10/2569 15:00,2026-10-03T15:00:00+07:00,4.58,ปกติ,#24b295,0.29,,,0.6,0.7,True,usable,1,2026-10-03T08:04:34.884413+00:00
99,WL.DKN.01,สถานีสูบน้ำ ดาวคะนอง,24,ราษฎร์บูรณะ,1024,13.69486,100.48759,/Date(1791014400000)/,03/10/2569 15:00,2026-10-03T15:00:00+07:00,4.58,ปกติ,#24b295,0.28,1.46,,0.7,0.8,True,usable,1,2026-10-03T08:04:34.884413+00:00
306,WL.BKH.01,คลองบางขวด ตอนซอยนวลจันทร์ 36*,27,บึงกุ่ม,1027,13.82881,100.6461,/Date(1790972100000)/,03/10/2569 03:15,2026-10-03T03:15:00+07:00,709.58,ขัดข้อง,#676b6b,0.28,,,1.8,2.0,False,sensor_fault_or_unknown_status,0,2026-10-03T08:04:34.884413+00:00
285,WL.MTG.01,จุดวัดบึงรับน้ำหมู่บ้านเมืองทองการ์เด้น ตอนประตูระบายน้ำ แก้มลิง หมู่บ้านเมืองทองการ์เด้น,32,ประเวศ,1032,13.72417,100.66429,/Date(1791014400000)/,03/10/2569 15:00,2026-10-03T15:00:00+07:00,4.58,ปกติ,#24b295,0.28,,,1.46,1.83,True,usable,1,2026-10-03T08:04:34.884413+00:00
288,WL.BMA.02,จุดวัดคลองบ้านม้า ตอนถนนรามคำแหง,6,บางกะปิ,1006,13.77281,100.66569,/Date(1791014400000)/,03/10/2569 15:00,2026-10-03T15:00:00+07:00,4.58,ปกติ,#24b295,0.27,,,2.14,2.68,True,usable,1,2026-10-03T08:04:34.884413+00:00
220,WL.BPN.02,จุดวัดคลองบางพราน ตอนถนนบางบอน 2,50,บางบอน,1050,13.66731,100.40662,/Date(1791014400000)/,03/10/2569 15:00,2026-10-03T15:00:00+07:00,4.58,ปกติ,#24b295,0.26,,,0.6,0.7,True,usable,1,2026-10-03T08:04:34.884413+00:00
91,WL.CPA.01,สถานีสูบน้ำ คลองชักพระ,19,ตลิ่งชัน,1019,13.7789,100.46431,/Date(1791014400000)/,03/10/2569 15:00,2026-10-03T15:00:00+07:00,4.58,ปกติ,#24b295,0.26,1.78,,1.6,1.8,True,usable,1,2026-10-03T08:04:34.884413+00:00
209,WL.KJN.02,จุดวัดคลองจั่น ตอนถนนโยธินพัฒนา,6,บางกะปิ,1006,13.80547,100.6226,/Date(1791014400000)/,03/10/2569 15:00,2026-10-03T15:00:00+07:00,4.58,ปกติ,#24b295,0.25,,,0.3,0.4,True,usable,1,2026-10-03T08:04:34.884413+00:00
143,WL.LPI.02,จุดวัดคลองหลุมไผ่ ตอนถนนประเสริฐมนูกิจ29,38,ลาดพร้าว,1038,13.84703,100.6218,/Date(1791002700000)/,03/10/2569 11:45,2026-10-03T11:45:00+07:00,199.58,ขัดข้อง,#676b6b,0.24,,,0.7,0.9,False,sensor_fault_or_unknown_status,0,2026-10-03T08:04:34.884413+00:00
248,WL.SDN.01,จุดวัดคลองสวนแดน ตอนถนนชัยพฤกษ์ ,19,ตลิ่งชัน,1019,13.79063,100.46199,/Date(1790983500000)/,03/10/2569 06:25,2026-10-03T06:25:00+07:00,519.58,ขัดข้อง,#676b6b,0.23,,,0.5,0.6,False,sensor_fault_or_unknown_status,0,2026-10-03T08:04:34.884413+00:00
328,WL.NK3.02,คูนายกิม สาย 3 ตอนสวนรมณีย์ทุ่งสีกัน*,36,ดอนเมือง,1036,13.92897,100.569,/Date(1790972100000)/,03/10/2569 03:15,2026-10-03T03:15:00+07:00,709.58,ขัดข้อง,#676b6b,0.23,,,0.8,1.1,False,sensor_fault_or_unknown_status,0,2026-10-03T08:04:34.884413+00:00
35,WL.SSB.07,จุดวัดคลองแสนแสบ ตอนสำนักงานเขตบางกะปิ,6,บางกะปิ,1006,13.76509,100.64791,/Date(1791014400000)/,03/10/2569 15:00,2026-10-03T15:00:00+07:00,4.58,ปกติ,#24b295,0.22,,,0.35,0.45,True,usable,1,2026-10-03T08:04:34.884413+00:00
243,WL.BBN.02,จุดวัดคลองบางบอน ตอนถนนกาญจนาภิเษก,50,บางบอน,1050,13.65786,100.40551,/Date(1791014400000)/,03/10/2569 15:00,2026-10-03T15:00:00+07:00,4.58,ปกติ,#24b295,0.21,,,0.6,0.7,True,usable,1,2026-10-03T08:04:34.884413+00:00
42,WL.PWT.02,จุดวัดคลองประเวศบุรีรมย์ ตอนวัดขจรศิริ,34,สวนหลวง,1034,13.71537,100.64117,/Date(1791014400000)/,03/10/2569 15:00,2026-10-03T15:00:00+07:00,4.58,วิกฤต,#e85965,0.2,,,0.1,0.2,True,usable,3,2026-10-03T08:04:34.884413+00:00
270,WL.HMK.03,จุดวัดคลองหัวหมาก ตอนซอยพัฒนาการ 32,34,สวนหลวง,1034,13.71858,100.62618,/Date(1791014400000)/,03/10/2569 15:00,2026-10-03T15:00:00+07:00,4.58,ปกติ,#24b295,0.14,,,0.82,1.03,True,usable,1,2026-10-03T08:04:34.884413+00:00
295,WL.BPK.01,จุดวัดคลองบางปะแก้ว  ตอนถนนราษฎร์บูรณะ,24,ราษฎร์บูรณะ,1024,13.68868,100.49015,/Date(1791014400000)/,03/10/2569 15:00,2026-10-03T15:00:00+07:00,4.58,ปกติ,#24b295,0.12,,,0.6,0.7,True,usable,1,2026-10-03T08:04:34.884413+00:00
283,WL.BKT.01,จุดวัดบึงรับน้ำบึงกุ่มบางเตย ตอนสถานีสูบน้ำคลองบางเตยล่าง,27,บึงกุ่ม,1027,13.78428,100.66176,/Date(1791014400000)/,03/10/2569 15:00,2026-10-03T15:00:00+07:00,4.58,ปกติ,#24b295,0.11,,,0.33,0.41,True,usable,1,2026-10-03T08:04:34.884413+00:00
189,WL.HMK.01,จุดวัดคลองหัวหมาก ตอนถนนศรีนครินทร์,34,สวนหลวง,1034,13.73309,100.64107,/Date(1791014400000)/,03/10/2569 15:00,2026-10-03T15:00:00+07:00,4.58,วิกฤต,#e85965,0.11,,,-0.2,0.0,True,usable,3,2026-10-03T08:04:34.884413+00:00
291,WL.SNC.03,จุดวัดคลองสนามชัย ตอนวัดเลา,21,บางขุนเทียน,1021,13.66616,100.44685,/Date(1791014400000)/,03/10/2569 15:00,2026-10-03T15:00:00+07:00,4.58,ปกติ,#24b295,0.09,,,0.4,0.5,True,usable,1,2026-10-03T08:04:34.884413+00:00
208,WL.KJN.01,จุดวัดคลองจั่น ตอนถนนลาดพร้าว,45,วังทองหลาง,1045,13.77609,100.62816,/Date(1791012000000)/,03/10/2569 14:20,2026-10-03T14:20:00+07:00,44.58,ขัดข้อง,#676b6b,0.06,,,-0.2,0.0,False,sensor_fault_or_unknown_status,0,2026-10-03T08:04:34.884413+00:00
6,WL.BKA.03,จุดวัดคลองบางเขน ช่วงถนนประชาชื่น,29,บางซื่อ,1029,13.84933,100.54268,/Date(1791014400000)/,03/10/2569 15:00,2026-10-03T15:00:00+07:00,4.58,ปกติ,#24b295,0.06,,,0.5,0.7,True,usable,1,2026-10-03T08:04:34.884413+00:00
244,WL.BBN.01,จุดวัดคลองบางบอน ตอนถนนบางขุนเทียน,50,บางบอน,1050,13.67055,100.42713,/Date(1791005400000)/,03/10/2569 12:30,2026-10-03T12:30:00+07:00,154.58,ขัดข้อง,#676b6b,0.05,,,0.6,0.7,False,sensor_fault_or_unknown_status,0,2026-10-03T08:04:34.884413+00:00
320,WL.BTL.02,คลองบางตลาด ตอนกรมชลประทาน ปากเกร็ด*,52,อำเภอปากเกร็ดนนทบุรี,,13.89441,100.4936,/Date(1790972100000)/,03/10/2569 03:15,2026-10-03T03:15:00+07:00,709.58,ขัดข้อง,#676b6b,0.04,,,1.8,2.0,False,sensor_fault_or_unknown_status,0,2026-10-03T08:04:34.884413+00:00
102,WL.JRN.01,สถานีสูบน้ำ คลองแจงร้อน,24,ราษฎร์บูรณะ,1024,13.67634,100.52111,/Date(1791014400000)/,03/10/2569 15:00,2026-10-03T15:00:00+07:00,4.58,ปกติ,#24b295,0.03,1.4,,0.6,0.7,True,usable,1,2026-10-03T08:04:34.884413+00:00
30,WL.LPW.01,ประตูระบายน้ำ คลองลาดพร้าว,45,วังทองหลาง,1045,13.79446,100.58957,/Date(1791014400000)/,03/10/2569 15:00,2026-10-03T15:00:00+07:00,4.58,ปกติ,#24b295,0.02,0.16,,0.2,0.4,True,usable,1,2026-10-03T08:04:34.884413+00:00
245,WL.BYK.02,จุดวัดคลองบางยี่ขัน ตอนสถานีสูบน้ำคลองบางยี่ขัน,25,บางพลัด,1025,13.76741,100.49361,/Date(1791014400000)/,03/10/2569 15:00,2026-10-03T15:00:00+07:00,4.58,ปกติ,#24b295,-0.02,,,0.6,0.7,True,usable,1,2026-10-03T08:04:34.884413+00:00
278,WL.HMK.02,จุดวัดคลองหัวหมาก ตอนซอยรามคาแหง 68,6,บางกะปิ,1006,13.76438,100.65679,/Date(1791014400000)/,03/10/2569 15:00,2026-10-03T15:00:00+07:00,4.58,ปกติ,#24b295,-0.02,,,0.68,0.79,True,usable,1,2026-10-03T08:04:34.884413+00:00
78,WL.RMT.02,จุดวัดคลองพระยาราชมนตรี ตอนถนนพระรามที่ 2,21,บางขุนเทียน,1021,13.66885,100.4299,/Date(1791014400000)/,03/10/2569 15:00,2026-10-03T15:00:00+07:00,4.58,ปกติ,#24b295,-0.05,,,0.6,0.7,True,usable,1,2026-10-03T08:04:34.884413+00:00
101,WL.SBT.01,สถานีสูบน้ำ คลองสี่บาท,21,บางขุนเทียน,1021,13.67309,100.44606,/Date(1791014400000)/,03/10/2569 15:00,2026-10-03T15:00:00+07:00,4.58,ปกติ,#24b295,-0.06,0.18,,0.3,0.4,True,usable,1,2026-10-03T08:04:34.884413+00:00
168,WL.KLA.01,จุดวัดคลองลาว ตอนถนนพัฒนาการ,34,สวนหลวง,1034,13.73722,100.62499,/Date(1791014400000)/,03/10/2569 15:00,2026-10-03T15:00:00+07:00,4.58,เตือนภัย,#f4b05b,-0.09,,,-0.2,0.0,True,usable,2,2026-10-03T08:04:34.884413+00:00
296,WL.WSV.01,จุดวัดคลองวัดสุทธาวาส ตอนซอยเทอดไท 33,15,ธนบุรี,1015,13.70645,100.4784,/Date(1791014400000)/,03/10/2569 15:00,2026-10-03T15:00:00+07:00,4.58,ปกติ,#24b295,-0.1,,,0.6,0.8,True,usable,1,2026-10-03T08:04:34.884413+00:00
67,WL.KPM.01,จุดวัดคลองเปรมประชากร ช่วงสถานีน้ำอุโมงค์คลองเปรมประชากร,29,บางซื่อ,1029,13.80463,100.53595,/Date(1791014400000)/,03/10/2569 15:00,2026-10-03T15:00:00+07:00,4.58,ปกติ,#24b295,-0.1,,,1.0,1.2,True,usable,1,2026-10-03T08:04:34.884413+00:00
175,WL.LBK.01,จุดวัดคลองลาดบัวขาว ตอนถนนรามคำแหง,10,มีนบุรี,1010,13.79549,100.70761,/Date(1768272900000)/,13/01/2569 09:55,2026-01-13T09:55:00+07:00,379029.58,ขัดข้อง,#676b6b,-0.12,,,0.4,0.6,False,sensor_fault_or_unknown_status,0,2026-10-03T08:04:34.884413+00:00
222,WL.SCO.01,จุดวัดคลองศาลเจ้า ตอนถนนสวนผัก ,19,ตลิ่งชัน,1019,13.79815,100.44488,/Date(1791014400000)/,03/10/2569 15:00,2026-10-03T15:00:00+07:00,4.58,ปกติ,#24b295,-0.12,,,0.6,0.7,True,usable,1,2026-10-03T08:04:34.884413+00:00
317,WL.CLH.01,สถานีสูบน้ำชลหารพิจิตร*,53,อำเภอบางบ่อสมุทรปราการ,,13.51834,100.8201,/Date(1790972100000)/,03/10/2569 03:15,2026-10-03T03:15:00+07:00,709.58,ขัดข้อง,#676b6b,-0.12,,,1.0,1.2,False,sensor_fault_or_unknown_status,0,2026-10-03T08:04:34.884413+00:00
246,WL.BYK.01,จุดวัดคลองบางยี่ขัน ตอนถนนจรัญสนิทวงศ์,25,บางพลัด,1025,13.77571,100.48371,/Date(1791014400000)/,03/10/2569 15:00,2026-10-03T15:00:00+07:00,4.58,ปกติ,#24b295,-0.15,,,0.6,0.7,True,usable,1,2026-10-03T08:04:34.884413+00:00
282,WL.PST.01,จุดวัดบึงรับน้ำปูนซีเมนต์ไทย ตอนสถานีสูบน้ำบึงบางซื่อ,30,จตุจักร,1030,13.8219,100.54239,/Date(1791014400000)/,03/10/2569 15:00,2026-10-03T15:00:00+07:00,4.58,ปกติ,#24b295,-0.16,,,0.15,0.19,True,usable,1,2026-10-03T08:04:34.884413+00:00
284,WL.SMK.01,จุดวัดบึงรับน้ำหมู่บ้านสัมมากร ตอนสถานีสูบน้ำบึงที่ 2 คลองบ้านม้า 2,44,สะพานสูง,1044,13.76676,100.67784,/Date(1791014400000)/,03/10/2569 15:00,2026-10-03T15:00:00+07:00,4.58,ปกติ,#24b295,-0.16,,,0.35,0.44,True,usable,1,2026-10-03T08:04:34.884413+00:00
113,WL.SNC.01,สถานีสูบน้ำ คลองสนามชัย,21,บางขุนเทียน,1021,13.63806,100.44765,/Date(1791014400000)/,03/10/2569 15:00,2026-10-03T15:00:00+07:00,4.58,เตือนภัย,#f4b05b,-0.18,1.1,,0.4,0.5,True,usable,2,2026-10-03T08:04:34.884413+00:00
87,WL.SSB.06,จุดวัดคลองแสนแสบ ช่วงสถานีสูบน้ำคลองเจ้าคุณสิงห์,6,บางกะปิ,1006,13.76127,100.61532,/Date(1791014400000)/,03/10/2569 15:00,2026-10-03T15:00:00+07:00,4.58,ปกติ,#24b295,-0.19,,,0.2,0.35,True,usable,1,2026-10-03T08:04:34.884413+00:00
264,WL.ANX.01,คูน้ำแอนเนกซ์ (บ่อสูบน้ำพหลโยธิน 58),42,สายไหม,1042,13.93729,100.63895,/Date(1791014400000)/,03/10/2569 15:00,2026-10-03T15:00:00+07:00,4.58,ปกติ,#24b295,-0.19,,,0.6,0.8,True,usable,1,2026-10-03T08:04:34.884413+00:00
139,WL.KJA.02,จุดวัดคลองกะจะ ตอนถนนพระราม 9 ซอย 57,6,บางกะปิ,1006,13.74953,100.63387,/Date(1791014400000)/,03/10/2569 15:00,2026-10-03T15:00:00+07:00,4.58,เตือนภัย,#f4b05b,-0.2,,,-0.2,0.0,True,usable,2,2026-10-03T08:04:34.884413+00:00
216,WL.BBR.02,จุดวัดคลองบางบำหรุ ตอนถนนสิรินธร,25,บางพลัด,1025,13.78876,100.48166,/Date(1791014400000)/,03/10/2569 15:00,2026-10-03T15:00:00+07:00,4.58,ปกติ,#24b295,-0.21,,,0.7,0.8,True,usable,1,2026-10-03T08:04:34.884413+00:00
267,WL.NK1.01,จุดวัดคูนายกิมสาย 1 ตอนถนนเลียบคูนายกิมสาย 1,36,ดอนเมือง,1036,13.93929,100.60559,/Date(1791014400000)/,03/10/2569 15:00,2026-10-03T15:00:00+07:00,4.58,ปกติ,#24b295,-0.22,,,1.15,1.44,True,usable,1,2026-10-03T08:04:34.884413+00:00
258,WL.BSU.07,จุดวัดคลองบางซื่อ - ตอนถนนลาดพร้าว,17,ห้วยขวาง,1017,13.79875,100.58655,/Date(1791014400000)/,03/10/2569 15:00,2026-10-03T15:00:00+07:00,4.58,ปกติ,#24b295,-0.22,,,0.6,0.4,True,usable,1,2026-10-03T08:04:34.884413+00:00
217,WL.BBR.01,จุดวัดคลองบางบำหรุ ตอนถนนบรมราชชนนี,20,บางกอกน้อย,1020,13.77927,100.47591,/Date(1791014400000)/,03/10/2569 15:00,2026-10-03T15:00:00+07:00,4.58,ปกติ,#24b295,-0.23,,,0.6,0.7,True,usable,1,2026-10-03T08:04:34.884413+00:00
195,WL.KTK.03,จุดวัดคลองขรัวตาแก่น ตอนซอยสะพานขวา,29,บางซื่อ,1029,13.80504,100.52867,/Date(1780635300000)/,05/06/2569 11:55,2026-06-05T11:55:00+07:00,172989.58,ขัดข้อง,#676b6b,-0.24,,,0.4,0.5,False,sensor_fault_or_unknown_status,0,2026-10-03T08:04:34.884413+00:00
191,WL.SLL.01,จุดวัดคลองศาลาลอย ตอนถนนอ่อนนุช 61,32,ประเวศ,1032,13.71599,100.67942,/Date(1791014400000)/,03/10/2569 15:00,2026-10-03T15:00:00+07:00,4.58,ปกติ,#24b295,-0.25,,,0.1,0.25,True,usable,1,2026-10-03T08:04:34.884413+00:00
83,WL.SSN.09,จุดวัดคลองสามเสน ช่วงถนนเอกมัย,17,ห้วยขวาง,1017,13.75038,100.59268,/Date(1790927400000)/,02/10/2569 14:50,2026-10-02T14:50:00+07:00,1454.58,ขัดข้อง,#676b6b,-0.26,,,-0.1,0.0,False,sensor_fault_or_unknown_status,0,2026-10-03T08:04:34.884413+00:00
169,WL.SSB.02,จุดวัดคลองแสนแสบ ตอนซอยสมคิด,7,ปทุมวัน,1007,13.74846,100.54583,/Date(1774234200000)/,23/03/2569 09:50,2026-03-23T09:50:00+07:00,279674.58,ขัดข้อง,#676b6b,-0.27,,,0.0,0.1,False,sensor_fault_or_unknown_status,0,2026-10-03T08:04:34.884413+00:00
141,WL.BKB.01,จุดวัดคลองบางกระบือ ตอนถนนสามเสน,2,ดุสิต,1002,13.79154,100.51662,/Date(1791014400000)/,03/10/2569 15:00,2026-10-03T15:00:00+07:00,4.58,ปกติ,#24b295,-0.28,,,0.8,1.0,True,usable,1,2026-10-03T08:04:34.884413+00:00
116,WL.LPW.04,จุดวัดคลองลาดพร้าว ตอนถนนประชาอุทิศ,45,วังทองหลาง,1045,13.76874,100.59356,/Date(1791014400000)/,03/10/2569 15:00,2026-10-03T15:00:00+07:00,4.58,ปกติ,#24b295,-0.28,,,0.05,0.15,True,usable,1,2026-10-03T08:04:34.884413+00:00
15,WL.BSU.06,จุดวัดคลองบางซื่อ ช่วงถนนรัชดาภิเษก (เจ้าพระยาปาร์ค),17,ห้วยขวาง,1017,13.79624,100.57422,/Date(1790844900000)/,01/10/2569 15:55,2026-10-01T15:55:00+07:00,2829.58,ขัดข้อง,#676b6b,-0.3,,,0.1,0.2,False,sensor_fault_or_unknown_status,0,2026-10-03T08:04:34.884413+00:00
255,WL.WKT.01,จุดวัดคลองวัดไก่เตี้ย ตอนสถานีสูบน้ำคลองวัดไก่เตี้ย,19,ตลิ่งชัน,1019,13.78422,100.46424,/Date(1791014400000)/,03/10/2569 15:00,2026-10-03T15:00:00+07:00,4.58,ปกติ,#24b295,-0.3,,,1.65,1.85,True,usable,1,2026-10-03T08:04:34.884413+00:00
257,WL.CYI.03,จุดวัดคลองชวดใหญ่-ตอนคลองลาดพร้าว,17,ห้วยขวาง,1017,13.7631,100.59243,/Date(1791003900000)/,03/10/2569 12:05,2026-10-03T12:05:00+07:00,179.58,ขัดข้อง,#676b6b,-0.3,,,-0.1,0.0,False,sensor_fault_or_unknown_status,0,2026-10-03T08:04:34.884413+00:00
301,WL.LPP.02,คลองลำพังพวย ตอนถนนนวมินทร์*,27,บึงกุ่ม,1027,13.78498,100.6477,/Date(1790972400000)/,03/10/2569 03:20,2026-10-03T03:20:00+07:00,704.58,ขัดข้อง,#676b6b,-0.31,,,0.06,0.01,False,sensor_fault_or_unknown_status,0,2026-10-03T08:04:34.884413+00:00
279,WL.MKT.01,จุดวัดคลองมะขามเทศ ตอนถนนพัฒนาการ,32,ประเวศ,1032,13.70015,100.67492,/Date(1791014400000)/,03/10/2569 15:00,2026-10-03T15:00:00+07:00,4.58,ปกติ,#24b295,-0.33,,,0.62,0.77,True,usable,1,2026-10-03T08:04:34.884413+00:00
162,WL.KKD.01,จุดวัดคลองเคล็ด ตอนถนนสุขุมวิท 77,34,สวนหลวง,1034,13.7091,100.6307,/Date(1791014400000)/,03/10/2569 15:00,2026-10-03T15:00:00+07:00,4.58,ปกติ,#24b295,-0.33,,,0.5,0.6,True,usable,1,2026-10-03T08:04:34.884413+00:00
160,WL.NKW.02,จุดวัดคลองน้ำแก้ว ตอนซอยลาดพร้าว 41,17,ห้วยขวาง,1017,13.80278,100.58458,/Date(1791014400000)/,03/10/2569 15:00,2026-10-03T15:00:00+07:00,4.58,ปกติ,#24b295,-0.34,,,0.4,0.6,True,usable,1,2026-10-03T08:04:34.884413+00:00
150,WL.BLY.01,จุดวัดคลองบ้านหลาย ตอนถนนสุขุมวิท 77,9,พระโขนง,1009,13.70918,100.6217,/Date(1791014400000)/,03/10/2569 15:00,2026-10-03T15:00:00+07:00,4.58,ปกติ,#24b295,-0.34,,,0.4,0.5,True,usable,1,2026-10-03T08:04:34.884413+00:00
85,WL.SSB.03,จุดวัดคลองแสนแสบ ช่วงอโศก,37,ราชเทวี,1037,13.74783,100.56304,/Date(1791014400000)/,03/10/2569 15:00,2026-10-03T15:00:00+07:00,4.58,ปกติ,#24b295,-0.34,,,0.0,0.15,True,usable,1,2026-10-03T08:04:34.884413+00:00
215,WL.SKG.01,จุดวัดคลองสะแกงาม ตอนถนนกาญจนาภิเษก,21,บางขุนเทียน,1021,13.62715,100.43402,/Date(1791006900000)/,03/10/2569 12:55,2026-10-03T12:55:00+07:00,129.58,ขัดข้อง,#676b6b,-0.36,,,0.4,0.5,False,sensor_fault_or_unknown_status,0,2026-10-03T08:04:34.884413+00:00
275,WL.NCH.02,จุดวัดคูน้ำนายใช้ ตอนคลองเปรมประชากร,36,ดอนเมือง,1036,13.93925,100.60767,/Date(1791014400000)/,03/10/2569 15:00,2026-10-03T15:00:00+07:00,4.58,ปกติ,#24b295,-0.36,,,1.92,2.4,True,usable,1,2026-10-03T08:04:34.884413+00:00
234,WL.KLD.02,จุดวัดคลองหลอด ตอนถนนราชดำเนินใน,1,พระนคร,1001,13.75512,100.49554,/Date(1791014400000)/,03/10/2569 15:00,2026-10-03T15:00:00+07:00,4.58,ปกติ,#24b295,-0.36,,,0.6,0.7,True,usable,1,2026-10-03T08:04:34.884413+00:00
238,WL.PWT.01,จุดวัดคลองประเวศ ตอนซอยอ่อนนุช 17,34,สวนหลวง,1034,13.71556,100.6106,/Date(1791014400000)/,03/10/2569 15:00,2026-10-03T15:00:00+07:00,4.58,ปกติ,#24b295,-0.37,,,-0.2,-0.1,True,usable,1,2026-10-03T08:04:34.884413+00:00
174,WL.KNB.02,จุดวัดคลองหนองบอน ตอนถนนเฉลิมพระเกียรติรัชกาลที่ 9,32,ประเวศ,1032,13.678,100.66295,/Date(1791014400000)/,03/10/2569 15:00,2026-10-03T15:00:00+07:00,4.58,ปกติ,#24b295,-0.37,,,0.0,0.1,True,usable,1,2026-10-03T08:04:34.884413+00:00
184,WL.CYI.02,จุดวัดคลองชวดใหญ่ ตอนถนนพระราม 9,17,ห้วยขวาง,1017,13.75502,100.58113,/Date(1791014100000)/,03/10/2569 14:55,2026-10-03T14:55:00+07:00,9.58,ปกติ,#24b295,-0.38,,,-0.1,0.0,True,usable,1,2026-10-03T08:04:34.884413+00:00
136,WL.KJG.01,จุดวัดคลองจิก ตอนถนนหัวหมาก,6,บางกะปิ,1006,13.7528,100.63296,/Date(1791014400000)/,03/10/2569 15:00,2026-10-03T15:00:00+07:00,4.58,ปกติ,#24b295,-0.38,,,-0.2,0.0,True,usable,1,2026-10-03T08:04:34.884413+00:00
70,WL.LPW.05,จุดวัดคลองลาดพร้าว ช่วงถนนประดิษฐ์มนูธรรม,17,ห้วยขวาง,1017,13.75954,100.59646,/Date(1791014400000)/,03/10/2569 15:00,2026-10-03T15:00:00+07:00,4.58,ปกติ,#24b295,-0.38,,,-0.1,0.1,True,usable,1,2026-10-03T08:04:34.884413+00:00
289,WL.PLP.01,จุดวัดคลองปลัดเปรียง ตอนถนนเฉลิมพระเกียรติร.9 ซอย14,32,ประเวศ,1032,13.67009,100.66787,/Date(1791014400000)/,03/10/2569 15:00,2026-10-03T15:00:00+07:00,4.58,ปกติ,#24b295,-0.39,,,0.4,0.5,True,usable,1,2026-10-03T08:04:34.884413+00:00
297,WL.KKD.04,จุดวัดคลองเคล็ด ตอนซอยเปรมฤทัย 20*,9,พระโขนง,1009,13.68033,100.63959,/Date(1791015300000)/,03/10/2569 15:15,2026-10-03T15:15:00+07:00,-10.42,ปกติ,#24b295,-0.4,,,0.5,1.0,False,future_timestamp,0,2026-10-03T08:04:34.884413+00:00
185,WL.CYI.01,จุดวัดคลองชวดใหญ่ ตอนถนนพระราม 9 ซอย 13,17,ห้วยขวาง,1017,13.76217,100.58648,/Date(1791014400000)/,03/10/2569 15:00,2026-10-03T15:00:00+07:00,4.58,ปกติ,#24b295,-0.4,,,-0.1,0.0,True,usable,1,2026-10-03T08:04:34.884413+00:00
37,WL.SSB.04,สถานีสูบน้ำ คลองแสนแสบตอนคลองตัน,39,วัฒนา,1039,13.74126,100.59642,/Date(1791014400000)/,03/10/2569 15:00,2026-10-03T15:00:00+07:00,4.58,ปกติ,#24b295,-0.4,-0.44,,0.0,0.2,True,usable,1,2026-10-03T08:04:34.884413+00:00
249,WL.KJU.01,จุดวัดคลองขุนจันทร์ ตอนถนนฉิมพลี,19,ตลิ่งชัน,1019,13.78277,100.44432,/Date(1791014400000)/,03/10/2569 15:00,2026-10-03T15:00:00+07:00,4.58,ปกติ,#24b295,-0.41,,,1.65,1.85,True,usable,1,2026-10-03T08:04:34.884413+00:00
259,WL.SSN.10,จุดวัดคลองสามเสน -ตอนคลองชวดใหญ่,17,ห้วยขวาง,1017,13.75383,100.58091,/Date(1791014400000)/,03/10/2569 15:00,2026-10-03T15:00:00+07:00,4.58,ปกติ,#24b295,-0.41,,,-0.1,0.0,True,usable,1,2026-10-03T08:04:34.884413+00:00
256,WL.BNA.04,จุดวัดคลองบางนา ตอนซอยบางนา-ตราด 56,47,บางนา,1047,13.6594,100.64935,/Date(1791014400000)/,03/10/2569 15:00,2026-10-03T15:00:00+07:00,4.58,ปกติ,#24b295,-0.42,,,0.5,0.6,True,usable,1,2026-10-03T08:04:34.884413+00:00
269,WL.BLY.02,จุดวัดคลองบ้านหลาย ตอนซอยพึ่งมี 48,9,พระโขนง,1009,13.69986,100.62285,/Date(1791014400000)/,03/10/2569 15:00,2026-10-03T15:00:00+07:00,4.58,ปกติ,#24b295,-0.43,,,0.92,1.15,True,usable,1,2026-10-03T08:04:34.884413+00:00
235,WL.KLD.01,จุดวัดคลองหลอด ตอนสถานีสูบน้ำปากคลองตลาด,1,พระนคร,1001,13.74261,100.49492,/Date(1791014400000)/,03/10/2569 15:00,2026-10-03T15:00:00+07:00,4.58,ปกติ,#24b295,-0.44,,,0.6,0.7,True,usable,1,2026-10-03T08:04:34.884413+00:00
163,WL.KKD.02,จุดวัดคลองเคล็ด ตอนถนนสุภาพงษ์ 1,9,พระโขนง,1009,13.68886,100.63809,/Date(1791014400000)/,03/10/2569 15:00,2026-10-03T15:00:00+07:00,4.58,ปกติ,#24b295,-0.44,,,0.6,0.8,True,usable,1,2026-10-03T08:04:34.884413+00:00
123,WL.BTL.01,จุดวัดคลองบางตลาด ตอนท่าทราย,41,หลักสี่,1041,13.87579,100.55819,/Date(1791014400000)/,03/10/2569 15:00,2026-10-03T15:00:00+07:00,4.58,ปกติ,#24b295,-0.44,,,0.7,0.8,True,usable,1,2026-10-03T08:04:34.884413+00:00
36,WL.SSN.08,สถานีสูบน้ำ สามเสน ตอนคลองแสนแสบ,17,ห้วยขวาง,1017,13.74851,100.59904,/Date(1791014400000)/,03/10/2569 15:00,2026-10-03T15:00:00+07:00,4.58,ปกติ,#24b295,-0.45,-0.42,,-0.1,0.0,True,usable,1,2026-10-03T08:04:34.884413+00:00
165,WL.KSK.01,จุดวัดคลองขุนสกล ตอนซอยศรีนครินทร์ 36 ,34,สวนหลวง,1034,13.70346,100.64388,/Date(1791014400000)/,03/10/2569 15:00,2026-10-03T15:00:00+07:00,4.58,ปกติ,#24b295,-0.46,,,0.0,0.1,True,usable,1,2026-10-03T08:04:34.884413+00:00
164,WL.KKD.03,จุดวัดคลองเคล็ด ตอนถนนศรีนครินทร์,32,ประเวศ,1032,13.67123,100.6439,/Date(1791014400000)/,03/10/2569 15:00,2026-10-03T15:00:00+07:00,4.58,ปกติ,#24b295,-0.48,,,0.8,1.0,True,usable,1,2026-10-03T08:04:34.884413+00:00
137,WL.BPA.01,จุดวัดคลองบ้านป่า ตอนถนนพัฒนาการ,34,สวนหลวง,1034,13.7367,100.61167,/Date(1791014400000)/,03/10/2569 15:00,2026-10-03T15:00:00+07:00,4.58,ปกติ,#24b295,-0.48,,,-0.2,0.0,True,usable,1,2026-10-03T08:04:34.884413+00:00
86,WL.KLT.01,จุดวัดคลองตัน ช่วงใต้ทางด่วน,34,สวนหลวง,1034,13.73776,100.60436,/Date(1791014400000)/,03/10/2569 15:00,2026-10-03T15:00:00+07:00,4.58,ปกติ,#24b295,-0.48,,,-0.2,0.0,True,usable,1,2026-10-03T08:04:34.884413+00:00
106,WL.RMT.01,สถานีสูบน้ำ คลองพระยาราชมนตรี,21,บางขุนเทียน,1021,13.62817,100.43914,/Date(1791014400000)/,03/10/2569 15:00,2026-10-03T15:00:00+07:00,4.58,ปกติ,#24b295,-0.5,0.98,,0.4,0.5,True,usable,1,2026-10-03T08:04:34.884413+00:00
5,WL.BKA.02,จุดวัดคลองบางเขน ช่วงถนนกรุงเทพ-นนทบุรี,29,บางซื่อ,1029,13.83374,100.52207,/Date(1791014400000)/,03/10/2569 15:00,2026-10-03T15:00:00+07:00,4.58,ปกติ,#24b295,-0.5,,,0.7,0.9,True,usable,1,2026-10-03T08:04:34.884413+00:00
156,WL.HKG.02,จุดวัดคลองห้วยขวาง ตอนถนนเทียมร่วมมิตร,17,ห้วยขวาง,1017,13.76755,100.57674,/Date(1791014400000)/,03/10/2569 15:00,2026-10-03T15:00:00+07:00,4.58,ปกติ,#24b295,-0.52,,,0.1,0.3,True,usable,1,2026-10-03T08:04:34.884413+00:00
232,WL.KKS.02,จุดวัดคลองผดุงกรุงเกษม ตอนทำเนียบรัฐบาล,2,ดุสิต,1002,13.76099,100.51212,/Date(1791014400000)/,03/10/2569 15:00,2026-10-03T15:00:00+07:00,4.58,ปกติ,#24b295,-0.53,,,0.6,0.7,True,usable,1,2026-10-03T08:04:34.884413+00:00
49,WL.BNA.03,จุดวัดคลองบางนา ตอนถนนศรีนครินทร์,47,บางนา,1047,13.66102,100.63926,/Date(1791014400000)/,03/10/2569 15:00,2026-10-03T15:00:00+07:00,4.58,ปกติ,#24b295,-0.54,,,0.4,0.6,True,usable,1,2026-10-03T08:04:34.884413+00:00
50,WL.SRG.01,สถานีสูบน้ำ คลองสำโรง,51,อำเภอเมืองสมุทรปราการ,,13.64855,100.59523,/Date(1791014400000)/,03/10/2569 15:00,2026-10-03T15:00:00+07:00,4.58,ปกติ,#24b295,-0.54,1.33,,0.7,0.8,True,usable,1,2026-10-03T08:04:34.884413+00:00
121,WL.SSN.03,จุดวัดคลองสามเสน ตอนถนนพระรามที่ 6,14,พญาไท,1014,13.77284,100.53,/Date(1771650300000)/,21/02/2569 12:05,2026-02-21T12:05:00+07:00,322739.58,ขัดข้อง,#676b6b,-0.54,,,0.3,0.4,False,sensor_fault_or_unknown_status,0,2026-10-03T08:04:34.884413+00:00
151,WL.LSM.01,จุดวัดคลองหลอด 3 ตอนถนนบางนา ตราด,47,บางนา,1047,13.66749,100.63337,/Date(1791014400000)/,03/10/2569 15:00,2026-10-03T15:00:00+07:00,4.58,ปกติ,#24b295,-0.55,,,0.4,0.6,True,usable,1,2026-10-03T08:04:34.884413+00:00
236,WL.BLP.02,จุดวัดคลองบางลำพู ตอนสะพานผ่านฟ้า,1,พระนคร,1001,13.75655,100.50563,/Date(1791014400000)/,03/10/2569 15:00,2026-10-03T15:00:00+07:00,4.58,ปกติ,#24b295,-0.56,,,1.65,1.85,True,usable,1,2026-10-03T08:04:34.884413+00:00
268,WL.SOL.01,จุดวัดคลองสวนอ้อย ตอนถนนอ่อนนุช ซอย 28,34,สวนหลวง,1034,13.70696,100.6159,/Date(1791014400000)/,03/10/2569 15:00,2026-10-03T15:00:00+07:00,4.58,ปกติ,#24b295,-0.56,,,0.65,0.81,True,usable,1,2026-10-03T08:04:34.884413+00:00
155,WL.HKG.01,จุดวัดคลองห้วยขวาง ตอนถนนประชาสงเคราะห์,26,ดินแดง,1026,13.77814,100.57206,/Date(1791014400000)/,03/10/2569 15:00,2026-10-03T15:00:00+07:00,4.58,ปกติ,#24b295,-0.57,,,-0.2,0.0,True,usable,1,2026-10-03T08:04:34.884413+00:00
33,WL.KKS.01,สถานีสูบน้ำ เทเวศร์,1,พระนคร,1001,13.7717,100.50113,/Date(1791014400000)/,03/10/2569 15:00,2026-10-03T15:00:00+07:00,4.58,ปกติ,#24b295,-0.57,1.78,,0.6,0.7,True,usable,1,2026-10-03T08:04:34.884413+00:00
84,WL.SSB.01,จุดวัดคลองแสนแสบ ช่วงคลองผดุงกรุงเกษม (โบ๊เบ๊),8,ป้อมปราบศัตรูพ่าย,1008,13.75287,100.51722,/Date(1791014400000)/,03/10/2569 15:00,2026-10-03T15:00:00+07:00,4.58,ปกติ,#24b295,-0.58,,,0.6,0.7,True,usable,1,2026-10-03T08:04:34.884413+00:00
38,WL.KKS.04,สถานีสูบน้ำ กรุงเกษม,4,บางรัก,1004,13.73035,100.5141,/Date(1791014400000)/,03/10/2569 15:00,2026-10-03T15:00:00+07:00,4.58,ปกติ,#24b295,-0.59,1.5,,0.6,0.7,True,usable,1,2026-10-03T08:04:34.884413+00:00
173,WL.KNB.01,จุดวัดคลองหนองบอน ตอนอ่อนนุช 66 ซอย 13,34,สวนหลวง,1034,13.70382,100.65075,/Date(1791014400000)/,03/10/2569 15:00,2026-10-03T15:00:00+07:00,4.58,ปกติ,#24b295,-0.6,,,0.0,0.1,True,usable,1,2026-10-03T08:04:34.884413+00:00
266,WL.OAG.01,จุดวัดคลองโอ่งอ่าง ตอนประตูระบายน้ำวัดเทพธิดาราม ,1,พระนคร,1001,13.75379,100.50538,/Date(1791014400000)/,03/10/2569 15:00,2026-10-03T15:00:00+07:00,4.58,ปกติ,#24b295,-0.61,,,0.8,1.0,True,usable,1,2026-10-03T08:04:34.884413+00:00
233,WL.KKS.03,จุดวัดคลองผดุงกรุงเกษม ตอนหัวลำโพง,7,ปทุมวัน,1007,13.74126,100.51582,/Date(1791014400000)/,03/10/2569 15:00,2026-10-03T15:00:00+07:00,4.58,ปกติ,#24b295,-0.62,,,0.6,0.7,True,usable,1,2026-10-03T08:04:34.884413+00:00
138,WL.KJA.01,จุดวัดคลองกะจะ ตอนถนนพระราม 9,6,บางกะปิ,1006,13.74381,100.61168,/Date(1791002400000)/,03/10/2569 11:40,2026-10-03T11:40:00+07:00,204.58,ขัดข้อง,#676b6b,-0.62,,,0.0,0.1,False,sensor_fault_or_unknown_status,0,2026-10-03T08:04:34.884413+00:00
104,WL.LPN.01,สถานีสูบน้ำ คลองเลนเปน,21,บางขุนเทียน,1021,13.60695,100.41311,/Date(1791014400000)/,03/10/2569 15:00,2026-10-03T15:00:00+07:00,4.58,เตือนภัย,#f4b05b,-0.64,1.03,,0.4,0.5,True,usable,2,2026-10-03T08:04:34.884413+00:00
54,WL.KDN.01,ประตูระบายน้ำ คลองวัดด่าน,12,ยานนาวา,1012,13.67068,100.54016,/Date(1791014400000)/,03/10/2569 15:00,2026-10-03T15:00:00+07:00,4.58,ปกติ,#24b295,-0.67,1.32,,0.5,0.6,True,usable,1,2026-10-03T08:04:34.884413+00:00
152,WL.SKT.01,จุดวัดคลองทรงกระเทียม ตอนถนนนาคนิวาส,38,ลาดพร้าว,1038,13.80028,100.6068,/Date(1791014400000)/,03/10/2569 15:00,2026-10-03T15:00:00+07:00,4.58,ปกติ,#24b295,-0.67,,,-0.2,0.0,True,usable,1,2026-10-03T08:04:34.884413+00:00
12,WL.BSU.02,จุดวัดคลองบางซื่อ ช่วงถนนพระรามที่ 5,29,บางซื่อ,1029,13.79815,100.53226,/Date(1791014400000)/,03/10/2569 15:00,2026-10-03T15:00:00+07:00,4.58,ปกติ,#24b295,-0.68,,,1.0,1.2,True,usable,1,2026-10-03T08:04:34.884413+00:00
43,WL.PKN.01,สถานีสูบน้ำ พระโขนง,33,คลองเตย,1033,13.70901,100.59503,/Date(1791014400000)/,03/10/2569 15:00,2026-10-03T15:00:00+07:00,4.58,ปกติ,#24b295,-0.69,1.37,,-0.2,-0.1,True,usable,1,2026-10-03T08:04:34.884413+00:00
187,WL.YPN.01,จุดวัดคลองยายเผื่อน ตอนแฮปปี้แลนด์,6,บางกะปิ,1006,13.77868,100.64013,/Date(1791014400000)/,03/10/2569 15:00,2026-10-03T15:00:00+07:00,4.58,ปกติ,#24b295,-0.69,,,-0.2,0.0,True,usable,1,2026-10-03T08:04:34.884413+00:00
271,WL.LPP.01,จุดวัดบึงรับน้ำลำพังพวย ตอนถนนนวมินทร์,27,บึงกุ่ม,1027,13.78472,100.6481,/Date(1791014400000)/,03/10/2569 15:00,2026-10-03T15:00:00+07:00,4.58,ปกติ,#24b295,-0.69,,,0.4,0.5,True,usable,1,2026-10-03T08:04:34.884413+00:00
276,WL.MFS.01,จุดวัดบึงรับน้ำหมู่บ้านแฟรนต์ชิพ ตอนประตูระบายน้ำคลองออหลาว,38,ลาดพร้าว,1038,13.8399,100.62865,/Date(1791014400000)/,03/10/2569 15:00,2026-10-03T15:00:00+07:00,4.58,ปกติ,#24b295,-0.69,,,1.02,1.27,True,usable,1,2026-10-03T08:04:34.884413+00:00
265,WL.KCD.01,จุดวัดคลองกระเฉด (โรงควบคุมคุณภาพน้ำรามอินทรา),5,บางเขน,1005,13.85826,100.62848,/Date(1791014400000)/,03/10/2569 15:00,2026-10-03T15:00:00+07:00,4.58,ปกติ,#24b295,-0.73,,,-0.4,-0.2,True,usable,1,2026-10-03T08:04:34.884413+00:00
161,WL.TCG.01,จุดวัดคลองตาช้าง ตอนถนนศรีนครินทร์ ,32,ประเวศ,1032,13.68353,100.64666,/Date(1791014400000)/,03/10/2569 15:00,2026-10-03T15:00:00+07:00,4.58,ปกติ,#24b295,-0.78,,,-0.5,-0.2,True,usable,1,2026-10-03T08:04:34.884413+00:00
308,WL.BNJ.05,คลองบางนางจีน ตอนแยกถนนสุขุมวิท 101/1*,9,พระโขนง,1009,13.68415,100.6103,/Date(1790972100000)/,03/10/2569 03:15,2026-10-03T03:15:00+07:00,709.58,ขัดข้อง,#676b6b,-0.78,,,-0.1,0.1,False,sensor_fault_or_unknown_status,0,2026-10-03T08:04:34.884413+00:00
28,WL.BSU.01,สถานีสูบน้ำ คลองบางซื่อ,2,ดุสิต,1002,13.80009,100.5184,/Date(1791014400000)/,03/10/2569 15:00,2026-10-03T15:00:00+07:00,4.58,ปกติ,#24b295,-0.8,1.96,,0.3,0.4,True,usable,1,2026-10-03T08:04:34.884413+00:00
105,WL.RHN.01,สถานีสูบน้ำ คลองระหาญ,21,บางขุนเทียน,1021,13.60384,100.3946,/Date(1791014400000)/,03/10/2569 15:00,2026-10-03T15:00:00+07:00,4.58,ปกติ,#24b295,-0.83,0.97,,0.4,0.5,True,usable,1,2026-10-03T08:04:34.884413+00:00
107,WL.BSK.01,สถานีสูบน้ำ คลองบางไส้ไก่,18,คลองสาน,1018,13.70682,100.49744,/Date(1791014400000)/,03/10/2569 15:00,2026-10-03T15:00:00+07:00,4.58,ปกติ,#24b295,-0.83,1.49,,0.7,0.8,True,usable,1,2026-10-03T08:04:34.884413+00:00
122,WL.SSN.07,จุดวัดคลองสามเสน ตอนถนนอโศก,17,ห้วยขวาง,1017,13.75512,100.56505,/Date(1791014100000)/,03/10/2569 14:55,2026-10-03T14:55:00+07:00,9.58,ปกติ,#24b295,-0.83,,,0.0,0.1,True,usable,1,2026-10-03T08:04:34.884413+00:00
115,WL.YSN.02,จุดวัดคลองยายสุ่น ตอนถนนรัชดาภิเษก ,17,ห้วยขวาง,1017,13.76324,100.56823,/Date(1791014400000)/,03/10/2569 15:00,2026-10-03T15:00:00+07:00,4.58,ปกติ,#24b295,-0.83,,,0.2,0.4,True,usable,1,2026-10-03T08:04:34.884413+00:00
159,WL.TUT.02,จุดวัดคลองตาอูฐ ตอนซอยแจ้งวัฒนะ 14,36,ดอนเมือง,1036,13.91159,100.56559,/Date(1791014400000)/,03/10/2569 15:00,2026-10-03T15:00:00+07:00,4.58,ปกติ,#24b295,-0.85,,,0.3,0.5,True,usable,1,2026-10-03T08:04:34.884413+00:00
179,WL.RKC.01,จุดวัดคลองข้างศูนย์ราชการ,41,หลักสี่,1041,13.88457,100.56277,/Date(1791013800000)/,03/10/2569 14:50,2026-10-03T14:50:00+07:00,14.58,ปกติ,#24b295,-0.85,,,1.0,1.2,True,usable,1,2026-10-03T08:04:34.884413+00:00
321,WL.BSE.01,บึงสีกัน*,41,หลักสี่,1041,13.90502,100.5606,/Date(1790972100000)/,03/10/2569 03:15,2026-10-03T03:15:00+07:00,709.58,ขัดข้อง,#676b6b,-0.85,,,0.86,1.06,False,sensor_fault_or_unknown_status,0,2026-10-03T08:04:34.884413+00:00
97,WL.SRE.01,สถานีสูบน้ำ คลองสำเหร่,15,ธนบุรี,1015,13.70671,100.49647,/Date(1791014400000)/,03/10/2569 15:00,2026-10-03T15:00:00+07:00,4.58,ปกติ,#24b295,-0.86,1.54,,0.5,0.6,True,usable,1,2026-10-03T08:04:34.884413+00:00
80,WL.SSN.02,จุดวัดคลองสามเสน ช่วงถนนพระรามที่ 5,2,ดุสิต,1002,13.77772,100.52121,/Date(1791014400000)/,03/10/2569 15:00,2026-10-03T15:00:00+07:00,4.58,ปกติ,#24b295,-0.89,,,0.4,0.5,True,usable,1,2026-10-03T08:04:34.884413+00:00
167,WL.BNJ.03,จุดวัดคลองบางนางจีน ตอนซอยสุขุมวิท 93,9,พระโขนง,1009,13.7006,100.60891,/Date(1791014400000)/,03/10/2569 15:00,2026-10-03T15:00:00+07:00,4.58,ปกติ,#24b295,-0.9,,,-0.1,0.0,True,usable,1,2026-10-03T08:04:34.884413+00:00
166,WL.BNJ.01,จุดวัดคลองบางนางจีน ตอนสถานีสูบน้ำบางนางจีน,9,พระโขนง,1009,13.71075,100.60308,/Date(1791014100000)/,03/10/2569 14:55,2026-10-03T14:55:00+07:00,9.58,ปกติ,#24b295,-0.92,,,-0.5,-0.4,True,usable,1,2026-10-03T08:04:34.884413+00:00
309,WL.MKT.02,คลองมะขามเทศ ตอนบึงหนองบอน*,32,ประเวศ,1032,13.69984,100.6625,/Date(1790972100000)/,03/10/2569 03:15,2026-10-03T03:15:00+07:00,709.58,ขัดข้อง,#676b6b,-0.93,,,320.0,450.0,False,sensor_fault_or_unknown_status,0,2026-10-03T08:04:34.884413+00:00
192,WL.WTK.01,จุดวัดคลองวัดตึก ตอนถนนลาดพร้าว,45,วังทองหลาง,1045,13.78678,100.60758,/Date(1791014400000)/,03/10/2569 15:00,2026-10-03T15:00:00+07:00,4.58,ปกติ,#24b295,-1.01,,,0.3,0.4,True,usable,1,2026-10-03T08:04:34.884413+00:00
274,WL.VPD.02,จุดวัดคูน้ำวิภาวดี ตอนกรมดุริยางค์ทหารบก,14,พญาไท,1014,13.76996,100.55081,/Date(1791014400000)/,03/10/2569 15:00,2026-10-03T15:00:00+07:00,4.58,ปกติ,#24b295,-1.03,,,0.2,0.3,True,usable,1,2026-10-03T08:04:34.884413+00:00
307,WL.KBP.01,คลองบางพูด ตอนบึงสีกัน*,41,หลักสี่,1041,13.90732,100.5619,/Date(1790972100000)/,03/10/2569 03:15,2026-10-03T03:15:00+07:00,709.58,ขัดข้อง,#676b6b,-1.03,,,2.8,3.4,False,sensor_fault_or_unknown_status,0,2026-10-03T08:04:34.884413+00:00
14,WL.BSU.05,จุดวัดคลองบางซื่อ ช่วงถนนวิภาวดีรังสิต,30,จตุจักร,1030,13.79486,100.56157,/Date(1791014400000)/,03/10/2569 15:00,2026-10-03T15:00:00+07:00,4.58,ปกติ,#24b295,-1.03,,,0.3,0.5,True,usable,1,2026-10-03T08:04:34.884413+00:00
41,WL.STR.01,สถานีสูบน้ำ คลองสาทร,4,บางรัก,1004,13.71861,100.51499,/Date(1791014400000)/,03/10/2569 15:00,2026-10-03T15:00:00+07:00,4.58,ปกติ,#24b295,-1.04,0.24,1.51,0.0,0.2,True,usable,1,2026-10-03T08:04:34.884413+00:00
237,WL.BNA.02,จุดวัดคลองบางนา ตอนถนนสุขุมวิท,47,บางนา,1047,13.66948,100.60535,/Date(1791014400000)/,03/10/2569 15:00,2026-10-03T15:00:00+07:00,4.58,ปกติ,#24b295,-1.06,,,0.5,0.7,True,usable,1,2026-10-03T08:04:34.884413+00:00
231,WL.WTN.02,จุดวัดคูน้ำวัฒนา ตอนโรงเรียนวัฒนาวิทยาลัย,39,วัฒนา,1039,13.74233,100.56054,/Date(1791014400000)/,03/10/2569 15:00,2026-10-03T15:00:00+07:00,4.58,ปกติ,#24b295,-1.07,,,-0.2,0.0,True,usable,1,2026-10-03T08:04:34.884413+00:00
293,WL.VPD.01,จุดวัดคูน้ำวิภาวดี ตอนหน้าสนามกีฬากองทัพบก,14,พญาไท,1014,13.78252,100.55784,/Date(1791014400000)/,03/10/2569 15:00,2026-10-03T15:00:00+07:00,4.58,ปกติ,#24b295,-1.07,,,0.2,0.3,True,usable,1,2026-10-03T08:04:34.884413+00:00
211,WL.TTN.01,จุดวัดคลองลาดโตนด ตอน ปตร.คลองลาดโตนด,41,หลักสี่,1041,13.85509,100.56001,/Date(1791007200000)/,03/10/2569 13:00,2026-10-03T13:00:00+07:00,124.58,ขัดข้อง,#676b6b,-1.07,,,0.1,0.2,False,sensor_fault_or_unknown_status,0,2026-10-03T08:04:34.884413+00:00
277,WL.AJP.01,จุดวัดคลองอาจารย์พร ตอนปตร.คลองอาจารย์พร,32,ประเวศ,1032,13.66424,100.68944,/Date(1791014400000)/,03/10/2569 15:00,2026-10-03T15:00:00+07:00,4.58,ปกติ,#24b295,-1.08,,,0.71,0.89,True,usable,1,2026-10-03T08:04:34.884413+00:00
13,WL.BSU.04,จุดวัดคลองบางซื่อ ช่วงถนนพหลโยธิน,30,จตุจักร,1030,13.79619,100.55035,/Date(1791014400000)/,03/10/2569 15:00,2026-10-03T15:00:00+07:00,4.58,ปกติ,#24b295,-1.08,,,0.4,0.5,True,usable,1,2026-10-03T08:04:34.884413+00:00
120,WL.BSU.03,จุดวัดคลองบางซื่อ ตอนถนนพระรามที่ 6,30,จตุจักร,1030,13.79759,100.53881,/Date(1791014400000)/,03/10/2569 15:00,2026-10-03T15:00:00+07:00,4.58,ปกติ,#24b295,-1.08,,,0.1,0.2,True,usable,1,2026-10-03T08:04:34.884413+00:00
140,WL.CKS.02,จุดวัดคลองเจ้าคุณสิงห์ ตอนถนนลาดพร้าว,45,วังทองหลาง,1045,13.78408,100.61341,/Date(1791014400000)/,03/10/2569 15:00,2026-10-03T15:00:00+07:00,4.58,ปกติ,#24b295,-1.08,,,-0.2,0.0,True,usable,1,2026-10-03T08:04:34.884413+00:00
153,WL.SKT.02,จุดวัดคลองทรงกระเทียม ตอนปตร.คลองทรงกระเทียม,6,บางกะปิ,1006,13.80003,100.62285,/Date(1791014400000)/,03/10/2569 15:00,2026-10-03T15:00:00+07:00,4.58,ปกติ,#24b295,-1.09,,,-0.2,0.0,True,usable,1,2026-10-03T08:04:34.884413+00:00
212,WL.KJT.01,จุดวัดคลองจิต ตอนซอยลาดพร้าว 122 ,45,วังทองหลาง,1045,13.77323,100.62173,/Date(1791014400000)/,03/10/2569 15:00,2026-10-03T15:00:00+07:00,4.58,ปกติ,#24b295,-1.14,,,-0.1,0.0,True,usable,1,2026-10-03T08:04:34.884413+00:00
81,WL.SSN.04,จุดวัดคลองสามเสน ช่วงถนนพหลโยธิน,37,ราชเทวี,1037,13.76551,100.5396,/Date(1791014400000)/,03/10/2569 15:00,2026-10-03T15:00:00+07:00,4.58,ปกติ,#24b295,-1.14,,,0.2,0.3,True,usable,1,2026-10-03T08:04:34.884413+00:00
198,WL.BOA.02,จุดวัดคลองบางอ้อ ตอนซอยสุขุมวิท 64,9,พระโขนง,1009,13.68559,100.60441,/Date(1791014400000)/,03/10/2569 15:00,2026-10-03T15:00:00+07:00,4.58,ปกติ,#24b295,-1.15,,,-0.2,0.0,True,usable,1,2026-10-03T08:04:34.884413+00:00
188,WL.LSG.01,จุดวัดคลองหลอด 2 ตอนถนนบางนา ตราด,47,บางนา,1047,13.67099,100.62222,/Date(1791014400000)/,03/10/2569 15:00,2026-10-03T15:00:00+07:00,4.58,ปกติ,#24b295,-1.16,,,0.0,0.2,True,usable,1,2026-10-03T08:04:34.884413+00:00
31,WL.SSN.01,สถานีสูบน้ำ สามเสน,2,ดุสิต,1002,13.78484,100.50837,/Date(1791014400000)/,03/10/2569 15:00,2026-10-03T15:00:00+07:00,4.58,ปกติ,#24b295,-1.16,1.84,,0.2,0.3,True,usable,1,2026-10-03T08:04:34.884413+00:00
46,WL.WSI.01,สถานีสูบน้ำ คลองวัดไทร,31,บางคอแหลม,1031,13.68687,100.51676,/Date(1791014400000)/,03/10/2569 15:00,2026-10-03T15:00:00+07:00,4.58,ปกติ,#24b295,-1.17,1.42,,0.5,0.6,True,usable,1,2026-10-03T08:04:34.884413+00:00
286,WL.CKS.03,จุดวัดคลองเจ้าคุณสิงห์ ตอนถนนอินทราภรณ์,45,วังทองหลาง,1045,13.77092,100.61482,/Date(1791014400000)/,03/10/2569 15:00,2026-10-03T15:00:00+07:00,4.58,ปกติ,#24b295,-1.17,,,0.51,0.64,True,usable,1,2026-10-03T08:04:34.884413+00:00
196,WL.BNJ.04,จุดวัดคลองบางนางจีน ตอนถนนสุขุมวิท 101/1,9,พระโขนง,1009,13.68443,100.61107,/Date(1791014400000)/,03/10/2569 15:00,2026-10-03T15:00:00+07:00,4.58,ปกติ,#24b295,-1.19,,,-0.2,0.0,True,usable,1,2026-10-03T08:04:34.884413+00:00
178,WL.PYW.01,จุดวัดคลองพญาเวิก ตอนปตร.คลองพญาเวิก,30,จตุจักร,1030,13.79676,100.56697,/Date(1791014400000)/,03/10/2569 15:00,2026-10-03T15:00:00+07:00,4.58,ปกติ,#24b295,-1.25,,,0.1,0.2,True,usable,1,2026-10-03T08:04:34.884413+00:00
47,WL.BOA.01,สถานีสูบน้ำ บางอ้อ,9,พระโขนง,1009,13.68206,100.59226,/Date(1791014400000)/,03/10/2569 15:00,2026-10-03T15:00:00+07:00,4.58,ปกติ,#24b295,-1.25,1.29,,-0.2,0.0,True,usable,1,2026-10-03T08:04:34.884413+00:00
199,WL.KJK.02,จุดวัดคลองเจ็ก ตอนถนนสุขุมวิท 60/1,9,พระโขนง,1009,13.69734,100.6024,/Date(1791014400000)/,03/10/2569 15:00,2026-10-03T15:00:00+07:00,4.58,ปกติ,#24b295,-1.26,,,-0.2,0.0,True,usable,1,2026-10-03T08:04:34.884413+00:00
260,WL.BON.01,จุดวัดคลองบางอ้อน้อย ตอนซอยสุขุมวิท 64,9,พระโขนง,1009,13.68495,100.60233,/Date(1791014400000)/,03/10/2569 15:00,2026-10-03T15:00:00+07:00,4.58,ปกติ,#24b295,-1.26,,,-0.2,0.0,True,usable,1,2026-10-03T08:04:34.884413+00:00
261,WL.BOA.03,จุดวัดคลองบางอ้อใหญ่ ตอนซอยสุขุมวิท 66/1,9,พระโขนง,1009,13.68076,100.60305,/Date(1791014100000)/,03/10/2569 14:55,2026-10-03T14:55:00+07:00,9.58,ปกติ,#24b295,-1.27,,,-0.2,0.0,True,usable,1,2026-10-03T08:04:34.884413+00:00
272,WL.VPD.03,จุดวัดคูน้ำวิภาวดี ตอนซอยวิภาวดีรังสิต 28,30,จตุจักร,1030,13.82159,100.55909,/Date(1791014400000)/,03/10/2569 15:00,2026-10-03T15:00:00+07:00,4.58,ปกติ,#24b295,-1.27,,,0.2,0.3,True,usable,1,2026-10-03T08:04:34.884413+00:00
45,WL.KJK.01,สถานีสูบน้ำ คลองเจ็ก,9,พระโขนง,1009,13.6922,100.5898,/Date(1791014400000)/,03/10/2569 15:00,2026-10-03T15:00:00+07:00,4.58,ปกติ,#24b295,-1.3,1.25,,-0.2,0.0,True,usable,1,2026-10-03T08:04:34.884413+00:00
144,WL.PSI.01,จุดวัดคลองพร้อมศรี 2 ตอนถนนสุขุมวิท 49/13,39,วัฒนา,1039,13.73827,100.57522,/Date(1791014400000)/,03/10/2569 15:00,2026-10-03T15:00:00+07:00,4.58,ปกติ,#24b295,-1.32,,,-0.2,0.0,True,usable,1,2026-10-03T08:04:34.884413+00:00
223,WL.LYW.02,จุดวัดคลองลาดยาว ตอนถนนวิภาวดีรังสิต 44,30,จตุจักร,1030,13.84162,100.55997,/Date(1791014400000)/,03/10/2569 15:00,2026-10-03T15:00:00+07:00,4.58,ปกติ,#24b295,-1.38,,,0.2,0.3,True,usable,1,2026-10-03T08:04:34.884413+00:00
56,WL.ORC.01,สถานีสูบน้ำ คลองอรชร,7,ปทุมวัน,1007,13.74795,100.53615,/Date(1791014400000)/,03/10/2569 15:00,2026-10-03T15:00:00+07:00,4.58,ปกติ,#24b295,-1.39,-0.47,,0.5,0.6,True,usable,1,2026-10-03T08:04:34.884413+00:00
194,WL.FTM.01,จุดวัดคลองโบสถ์แม่พระ ตอนถนนดินแดง,26,ดินแดง,1026,13.75957,100.55618,/Date(1791014400000)/,03/10/2569 15:00,2026-10-03T15:00:00+07:00,4.58,ปกติ,#24b295,-1.44,,,0.0,0.1,True,usable,1,2026-10-03T08:04:34.884413+00:00
32,WL.CKS.01,สถานีสูบน้ำ คลองเจ้าคุณสิงห์,45,วังทองหลาง,1045,13.76172,100.61521,/Date(1791014400000)/,03/10/2569 15:00,2026-10-03T15:00:00+07:00,4.58,ปกติ,#24b295,-1.45,,,-0.3,-0.2,True,usable,1,2026-10-03T08:04:34.884413+00:00
224,WL.LYW.01,จุดวัดคลองลาดยาว ตอน ถนนรัชดาภิเษก,30,จตุจักร,1030,13.83042,100.56229,/Date(1791004800000)/,03/10/2569 12:20,2026-10-03T12:20:00+07:00,164.58,ขัดข้อง,#676b6b,-1.47,,,0.2,0.3,False,sensor_fault_or_unknown_status,0,2026-10-03T08:04:34.884413+00:00
26,WL.BKA.01,สถานีสูบน้ำ คลองบางเขนใหม่,29,บางซื่อ,1029,13.81722,100.51066,/Date(1791014400000)/,03/10/2569 15:00,2026-10-03T15:00:00+07:00,4.58,ปกติ,#24b295,-1.48,1.99,,0.4,0.5,True,usable,1,2026-10-03T08:04:34.884413+00:00
55,WL.VPV.01,สถานีสูบน้ำ รัชดา-วิภาวดี,30,จตุจักร,1030,13.83021,100.5571,/Date(1791014400000)/,03/10/2569 15:00,2026-10-03T15:00:00+07:00,4.58,ปกติ,#24b295,-1.49,,,0.2,0.3,True,usable,1,2026-10-03T08:04:34.884413+00:00
186,WL.YPN.02,จุดวัดคลองยายเผื่อน ตอนถนนลาดพร้าว,6,บางกะปิ,1006,13.76832,100.63938,/Date(1791014400000)/,03/10/2569 15:00,2026-10-03T15:00:00+07:00,4.58,ปกติ,#24b295,-1.51,,,-0.2,0.0,True,usable,1,2026-10-03T08:04:34.884413+00:00
210,WL.SNO.01,จุดวัดคลองเสือน้อย ตอนถนนสุคนธสวัสดิ์,38,ลาดพร้าว,1038,13.82306,100.60897,/Date(1791014400000)/,03/10/2569 15:00,2026-10-03T15:00:00+07:00,4.58,ปกติ,#24b295,-1.52,,,0.3,0.4,True,usable,1,2026-10-03T08:04:34.884413+00:00
182,WL.SWU.01,จุดวัดคูน้ำ มศว.,39,วัฒนา,1039,13.7423,100.56775,/Date(1791014400000)/,03/10/2569 15:00,2026-10-03T15:00:00+07:00,4.58,ปกติ,#24b295,-1.6,,,-0.2,0.0,True,usable,1,2026-10-03T08:04:34.884413+00:00
48,WL.BNA.01,สถานีสูบน้ำ บางนา,47,บางนา,1047,13.67482,100.58775,/Date(1791014400000)/,03/10/2569 15:00,2026-10-03T15:00:00+07:00,4.58,ปกติ,#24b295,-1.61,1.16,,-0.2,0.0,True,usable,1,2026-10-03T08:04:34.884413+00:00
229,WL.KPG.01,จุดวัดคลองเป้ง ตอนซอยเอกมัย 23,39,วัฒนา,1039,13.74048,100.58877,/Date(1791014400000)/,03/10/2569 15:00,2026-10-03T15:00:00+07:00,4.58,ปกติ,#24b295,-1.64,,,-0.2,0.0,True,usable,1,2026-10-03T08:04:34.884413+00:00
230,WL.BMK.01,จุดวัดคลองบางมะเขือ ตอนถนนสุขุมวิท 71,39,วัฒนา,1039,13.71693,100.59558,/Date(1791014400000)/,03/10/2569 15:00,2026-10-03T15:00:00+07:00,4.58,ปกติ,#24b295,-1.64,,,-0.3,0.0,True,usable,1,2026-10-03T08:04:34.884413+00:00
181,WL.TSK.01,จุดวัดคูน้ำต่อศักดิ์ ตอนซอยทองหล่อ 25,39,วัฒนา,1039,13.74019,100.58037,/Date(1791014400000)/,03/10/2569 15:00,2026-10-03T15:00:00+07:00,4.58,ปกติ,#24b295,-1.77,,,-0.2,0.0,True,usable,1,2026-10-03T08:04:34.884413+00:00
82,WL.SSN.06,จุดวัดคลองสามเสน ช่วงถนนดินแดง,26,ดินแดง,1026,13.75604,100.5526,/Date(1791014400000)/,03/10/2569 15:00,2026-10-03T15:00:00+07:00,4.58,ปกติ,#24b295,-1.78,,,0.0,0.1,True,usable,1,2026-10-03T08:04:34.884413+00:00
197,WL.BNJ.02,จุดวัดคลองบางนางจีน ตอนซอยสุขุมวิท 66/1,47,บางนา,1047,13.68202,100.60746,/Date(1791014400000)/,03/10/2569 15:00,2026-10-03T15:00:00+07:00,4.58,ปกติ,#24b295,-1.84,,,-0.3,-0.1,True,usable,1,2026-10-03T08:04:34.884413+00:00
52,WL.CNS.01,สถานีสูบน้ำ คลองช่องนนทรี,12,ยานนาวา,1012,13.6952,100.54853,/Date(1791014400000)/,03/10/2569 15:00,2026-10-03T15:00:00+07:00,4.58,ปกติ,#24b295,-1.97,1.29,,0.2,0.3,True,usable,1,2026-10-03T08:04:34.884413+00:00
53,WL.BJK.01,สถานีสูบน้ำ บางจาก,9,พระโขนง,1009,13.68913,100.59082,/Date(1791014400000)/,03/10/2569 15:00,2026-10-03T15:00:00+07:00,4.58,ปกติ,#24b295,-2.0,1.23,,-0.2,0.0,True,usable,1,2026-10-03T08:04:34.884413+00:00
149,WL.TNG.01,จุดวัดคลองตาหนัง ตอนถนนลาดพร้าว,6,บางกะปิ,1006,13.76725,100.64345,/Date(1780981800000)/,09/06/2569 12:10,2026-06-09T12:10:00+07:00,167214.58,ขัดข้อง,#676b6b,-2.0,,,-0.2,0.0,False,sensor_fault_or_unknown_status,0,2026-10-03T08:04:34.884413+00:00
193,WL.NSG.01,จุดวัดคลองนาซอง ตอนถนนประชาสุข,26,ดินแดง,1026,13.77895,100.56654,/Date(1791014400000)/,03/10/2569 15:00,2026-10-03T15:00:00+07:00,4.58,ปกติ,#24b295,-2.0,,,0.0,0.1,True,usable,1,2026-10-03T08:04:34.884413+00:00
292,WL.RMT.03,จุดวัดคลองพระยาราชมนตรี ตอนถนน กัลปพฤกษ์,40,บางแค,1040,13.68785,100.42779,/Date(1789448100000)/,15/09/2569 11:55,2026-09-15T11:55:00+07:00,26109.58,ขัดข้อง,#676b6b,-2.0,,,0.6,0.7,False,sensor_fault_or_unknown_status,0,2026-10-03T08:04:34.884413+00:00
44,WL.KTY.01,สถานีสูบน้ำ คลองเตย,33,คลองเตย,1033,13.70635,100.58779,/Date(1791014400000)/,03/10/2569 15:00,2026-10-03T15:00:00+07:00,4.58,ปกติ,#24b295,-2.17,1.23,,-0.4,-0.2,True,usable,1,2026-10-03T08:04:34.884413+00:00
66,WL.NBN.01,จุดวัดบึงหนองบอน,32,ประเวศ,1032,13.69479,100.6535,/Date(1791014400000)/,03/10/2569 15:00,2026-10-03T15:00:00+07:00,4.58,ปกติ,#24b295,-4.37,-0.95,,-0.1,0.0,True,usable,1,2026-10-03T08:04:34.884413+00:00
23,WL.TUT.01,สถานีสูบน้ำ คลองตาอูฐ,41,หลักสี่,1041,13.89975,100.58673,/Date(1761118500000)/,22/10/2568 14:35,2025-10-22T14:35:00+07:00,498269.58,ขัดข้อง,#676b6b,-99,0.04,,0.1,0.2,False,sensor_fault_or_unknown_status,0,2026-10-03T08:04:34.884413+00:00
