"เขต","คลอง","สถานี","วันเวลา","สถานะ","ระดับน้ำด้านใน (ม.รทก.)","ระดับน้ำด้านนอก (ม.รทก.)","ระดับน้ำแม่น้ำ (ม.รทก.)","เตือนภัยน้ำท่วมตลิ่ง","ข้อมูล"
"พระนคร","แม่น้ำเจ้าพระยา","ส.ปากคลองตลาด","01/10/2569 16:40","ปกติ","1.21","-","-","ปกติ",""
"อำเภอเมืองสมุทรปราการ","สถานตากอากาศบางปู","บางปู","01/10/2569 16:45","ปกติ","0.75","-","-","ปกติ",""
"สายไหม","บ่อสูบน้ำพหลโยธิน 58","คูน้ำแอนเนกซ์","01/10/2569 16:40","ปกติ","-0.07","-","-","ปกติ",""
"ลาดพร้าว","บึงหมู่บ้านเฟรนต์ชิพ","บึงรับน้ำหมู่บ้านแฟรนต์ชิพ-ปตร.คลองออหลาว","01/10/2569 16:45","ปกติ","-0.72","-","-","ปกติ",""
"หลักสี่","บึงสีกัน","บึงสีกัน*","01/10/2569 16:40","ปกติ","-0.88","-","-","ปกติ",""
"ประเวศ","บึงรับน้ำหมู่บ้านเมืองทองการ์เด้น","บึงรับน้ำ ม.เมืองทองการ์เด้น ปตร.  แก้มลิง ม.เมืองทองการ์เด้น","01/10/2569 16:45","ปกติ","0.47","-","-","ปกติ",""
"สะพานสูง","บึงรับน้ำหมู่บ้านสัมมากร","บึงรับน้ำหมู่บ้านสัมมากร ส.บึงที่ 2 คลองบ้านม้า 2","01/10/2569 16:45","ปกติ","0.46","-","-","วิกฤติ",""
"สะพานสูง","บึงรับน้ำหมู่บ้าน เคหะธานี 4","บึงรับน้ำม.เคหะธานี 4","01/10/2569 16:15","ปกติ","0.88","-","-","วิกฤติ",""
"บึงกุ่ม","บึงรับน้ำลำพังพวย","บึงรับน้ำลำพังพวย-ถ.นวมินทร์","01/10/2569 16:45","ปกติ","0.10","-","-","ปกติ",""
"จตุจักร","บึงรับน้ำปูนซีเมนต์ไทย","บึงรับน้ำปูนซีเมนต์ไทย ส.บึงบางซื่อ","01/10/2569 16:45","ปกติ","0.29","-","-","วิกฤติ",""
"บึงกุ่ม","บึงรับน้ำบึงกุ่มบางเตย","บึงรับน้ำบึงกุ่มบางเตย ส.คลองบางเตยล่าง","01/10/2569 16:45","ขัดข้อง","0.38","-","-","เตือนภัย",""
"พญาไท","คูน้ำวิภาวดี","คูน้ำวิภาวดี-กรมดุริยางค์ทหารบก","01/10/2569 16:45","ปกติ","-0.89","-","-","ปกติ",""
"จตุจักร","คูน้ำวิภาวดี","คูน้ำวิภาวดี-ซ.วิภาวดีรังสิต 28","01/10/2569 16:45","ปกติ","-0.76","-","-","ปกติ",""
"พญาไท","คูน้ำวิภาวดี","คูน้ำวิภาวดี-สนามกีฬา ทบ.","01/10/2569 16:40","ปกติ","-0.95","-","-","ปกติ",""
"จตุจักร","คูน้ำวิภาวดี","ส.รัชดา-วิภาวดี","01/10/2569 16:45","ปกติ","-1.16","-","-","ปกติ",""
"วัฒนา","คูน้ำวัฒนา","คูน้ำวัฒนา รร.วัฒนาวิทยาลัย","01/10/2569 16:40","ปกติ","-1.41","-","-","ปกติ",""
"บางขุนเทียน","คูน้ำมณฑลทหารบกที่ 11","คลองรางแม่น้ำ ช่วงซอยประชาอุทิศ 76*","01/10/2569 16:40","ปกติ","0.61","-","-","ปกติ",""
"ดอนเมือง","คูน้ำนายใช้","คูน้ำนายใช้-ค.เปรมประชากร","01/10/2569 16:45","ปกติ","-0.29","-","-","ปกติ",""
"วัฒนา","คูน้ำต่อศักดิ์","คูน้ำต่อศักดิ์ ซ.ทองหล่อ 25","01/10/2569 16:40","ปกติ","-1.70","-","-","ปกติ",""
"วัฒนา","คูน้ำ มศว.","คูน้ำ มศว.","01/10/2569 16:45","ปกติ","-1.39","-","-","ปกติ",""
"ดอนเมือง","คูนายกิมสาย 3","ค.คูนายกิมสาย 3  ถ.ประชาอุทิศ","01/10/2569 16:40","ปกติ","-0.15","-","-","ปกติ",""
"ดอนเมือง","คูนายกิมสาย 3","คูนายกิม สาย 3 ตอนสวนรมณีย์ทุ่งสีกัน*","01/10/2569 16:40","ปกติ","-0.76","-","-","ปกติ",""
"ดอนเมือง","คูนายกิมสาย 1","คูนายกิมสาย 1-ถ.เลียบคูนายกิมสาย 1","01/10/2569 16:45","ปกติ","-0.34","-","-","ปกติ",""
"พระนคร","คลองโอ่งอ่าง","ค.โอ่งอ่าง ปตร.วัดเทพธิดาราม","01/10/2569 16:45","ปกติ","-0.40","-","-","ปกติ",""
"ดินแดง","คลองโบสถ์แม่พระ","ค.โบสถ์แม่พระ ถ.ดินแดง","01/10/2569 16:45","ปกติ","-1.05","-","-","ปกติ",""
"บางกะปิ","คลองแสนแสบ","ค.แสนแสบ-เจ้าคุณสิงห์","01/10/2569 16:45","ปกติ","-0.01","-","-","ปกติ",""
"ป้อมปราบศัตรูพ่าย","คลองแสนแสบ","ค.แสนแสบ-โบ๊เบ๊","01/10/2569 16:40","ปกติ","-0.43","-","-","ปกติ",""
"หนองจอก","คลองแสนแสบ","ค.แสนแสบ-วัดทรัพย์ฯ","01/10/2569 16:45","ขัดข้อง","1.00","-","-","เตือนภัย",""
"บางกะปิ","คลองแสนแสบ","ค.แสนแสบ-สนข.บางกะปิ","01/10/2569 16:45","ขัดข้อง","0.37","-","-","เตือนภัย",""
"บึงกุ่ม","คลองแสนแสบ","ค.แสนแสบ-เสรีไทย 24","01/10/2569 16:40","ปกติ","0.62","-","-","วิกฤติ",""
"ราชเทวี","คลองแสนแสบ","ค.แสนแสบ-อโศก","01/10/2569 16:40","ปกติ","-0.22","-","-","ปกติ",""
"หนองจอก","คลองแสนแสบ","คลองแสนแสบ ตอนถนนศาลาแดง 3*","01/10/2569 16:40","ปกติ","1.85","-","-","วิกฤติ",""
"มีนบุรี","คลองแสนแสบ","ปตร.คลองแสนแสบ-ถ.ประชาร่วมใจ","01/10/2569 16:40","ปกติ","0.81","1.30","-","วิกฤติ",""
"หนองจอก","คลองแสนแสบ","ส.คลองแสนแสบ หนองจอก","01/10/2569 16:45","ปกติ","1.27","1.50","-","วิกฤติ",""
"วัฒนา","คลองแสนแสบ","ส.แสนแสบ-คลองตัน","01/10/2569 16:15","ปกติ","-0.26","-0.22","-","ปกติ",""
"อำเภอลำลูกกาปทุมธานี","คลองแปด","ปตร.คลองแปด ตอนซอย อบจ.ปทุมธานี2006*","01/10/2569 16:40","ปกติ","1.81","-","-","วิกฤติ",""
"ราษฎร์บูรณะ","คลองแจงร้อน","ส.คลองแจงร้อน","01/10/2569 16:40","ปกติ","-0.10","0.92","-","ปกติ",""
"ลาดพร้าว","คลองเสือน้อย","ค.เสือน้อย ถ.สุคนธสวัสดิ์","01/10/2569 16:40","ปกติ","-0.16","-","-","ปกติ",""
"บางขุนเทียน","คลองเลนเปน","ส.คลองเลนเปน","01/10/2569 16:40","ปกติ","-1.00","0.76","-","ปกติ",""
"วัฒนา","คลองเป้ง","ค.เป้ง ซ.เอกมัย 23","01/10/2569 16:40","ปกติ","-1.46","-","-","ปกติ",""
"หลักสี่","คลองเปรมประชากร","ค.เปรมประชากร ตอนค.ตาอูฐ","01/10/2569 16:40","ขัดข้อง","1.07","-","-","เตือนภัย",""
"ดอนเมือง","คลองเปรมประชากร","ค.เปรมประชากร ถ.สรงประภา","01/10/2569 16:40","ขัดข้อง","1.07","-","-","เตือนภัย",""
"หลักสี่","คลองเปรมประชากร","ค.เปรมประชากร-ค.บางตลาด*","01/10/2569 09:15","ปกติ","0.92","-","-","ปกติ",""
"ดอนเมือง","คลองเปรมประชากร","ค.เปรมประชากร-ค.บ้านใหม่","01/10/2569 16:45","ขัดข้อง","1.08","-","-","เตือนภัย",""
"จตุจักร","คลองเปรมประชากร","ค.เปรมฯ-วัดเทวฯ","01/10/2569 16:45","ปกติ","0.51","-","-","วิกฤติ",""
"ดอนเมือง","คลองเปรมประชากร","ค.เปรมฯ-สนข.ดอนเมือง","01/10/2569 16:40","ขัดข้อง","1.07","-","-","เตือนภัย",""
"บางซื่อ","คลองเปรมประชากร","ค.เปรมฯ-อุโมงค์","01/10/2569 16:40","ปกติ","-0.13","-","-","ปกติ",""
"อำเภอเมืองปทุมธานี","คลองเปรมประชากร","คลองเปรมประชากร ช่วงสถานีสูบน้ำเปรมใต้รังสิต*","01/10/2569 16:35","ปกติ","0.97","-","-","วิกฤติ",""
"คลองเตย","คลองเตย","ส.คลองเตย","01/10/2569 16:40","ปกติ","-2.12","0.78","-","ปกติ",""
"วังทองหลาง","คลองเจ้าคุณสิงห์","ค.เจ้าคุณสิงห์ ถ.ลาดพร้าว","01/10/2569 16:45","ปกติ","-0.81","-","-","ปกติ",""
"วังทองหลาง","คลองเจ้าคุณสิงห์","ค.เจ้าคุณสิงห์-ถ.อินทราภรณ์","01/10/2569 07:08","ปกติ","-0.96","-","-","ปกติ",""
"วังทองหลาง","คลองเจ้าคุณสิงห์","ส.คลองเจ้าคุณสิงห์","01/10/2569 16:45","ปกติ","-1.37","-","-","ปกติ",""
"พระโขนง","คลองเจ็ก","ค.เจ็ก ถ.สุขุมวิท 60/1","01/10/2569 16:40","ปกติ","-1.08","-","-","ปกติ",""
"พระโขนง","คลองเจ็ก","ส.คลองเจ็ก","01/10/2569 16:40","ปกติ","-1.21","0.82","-","ปกติ",""
"ประเวศ","คลองเคล็ด","ค.เคล็ด ถ.ศรีนครินทร์","01/10/2569 16:45","ปกติ","-0.77","-","-","ปกติ",""
"สวนหลวง","คลองเคล็ด","ค.เคล็ด ถ.สุขุมวิท 77","01/10/2569 16:40","ปกติ","-0.54","-","-","ปกติ",""
"พระโขนง","คลองเคล็ด","ค.เคล็ด ถ.สุภาพงษ์ 1","01/10/2569 16:40","ปกติ","-0.61","-","-","ปกติ",""
"พระโขนง","คลองเคล็ด","ค.เคล็ด-ซ.เปรมฤทัย 20*","01/10/2569 09:25","ปกติ","-0.64","-","-","ปกติ",""
"หนองจอก","คลองเก้า","ค.เก้า-วัดศรีสุขฯ","01/10/2569 16:45","ขัดข้อง","1.66","-","-","เตือนภัย",""
"อำเภอลำลูกกาปทุมธานี","คลองเก้า","ปตร.คลองเก้า ตอนซอย อบจ.ปทุมธานี 2006*","01/10/2569 16:40","ขัดข้อง","1.60","-","-","เตือนภัย",""
"ประเวศ","คลองอาจารย์พร","ค.อาจารย์พร-ปตร.คลองอาจารย์พร","01/10/2569 16:45","ปกติ","-0.84","-","-","ปกติ",""
"สายไหม","คลองออเงิน","คลองออเงิน ตอนซอยเพิ่มสิน 15*","01/10/2569 16:40","ปกติ","1.76","-","-","วิกฤติ",""
"ปทุมวัน","คลองอรชร","ส.คลองอรชร","01/10/2569 16:45","ปกติ","-1.35","-0.35","-","ปกติ",""
"ห้วยขวาง","คลองห้วยขวาง","ค.ห้วยขวาง ถ.เทียมร่วมมิตร","01/10/2569 16:45","ปกติ","-0.22","-","-","ปกติ",""
"ดินแดง","คลองห้วยขวาง","ค.ห้วยขวาง ถ.ประชาสงเคราะห์","01/10/2569 16:40","ขัดข้อง","-0.12","-","-","เตือนภัย",""
"สวนหลวง","คลองหัวหมาก","ค.หัวหมาก ถ.ศรีนครินทร์","01/10/2569 16:40","ปกติ","0.31","-","-","วิกฤติ",""
"สวนหลวง","คลองหัวหมาก","ค.หัวหมาก-ซ.พัฒนาการ 32","01/10/2569 16:45","ปกติ","0.31","-","-","ปกติ",""
"บางกะปิ","คลองหัวหมาก","ค.หัวหมาก-ซ.รามคาแหง 68","01/10/2569 16:45","ปกติ","0.27","-","-","ปกติ",""
"ลาดพร้าว","คลองหลุมไผ่","ค.หลุมไผ่ ถ.ประเสริฐมนูกิจ29","01/10/2569 16:45","ปกติ","0.32","-","-","ปกติ",""
"บางนา","คลองหลอด 3","ค.หลอด 3 บางนา ตราด","01/10/2569 16:40","ปกติ","-0.53","-","-","ปกติ",""
"บางนา","คลองหลอด 2","ค.หลอด 2 ถ.บางนา ตราด","01/10/2569 16:40","ปกติ","-1.16","-","-","ปกติ",""
"พระนคร","คลองหลอด","ค.หลอด ถ.ราชดำเนินใน","01/10/2569 16:40","ปกติ","-0.14","-","-","ปกติ",""
"พระนคร","คลองหลอด","ค.หลอด ส.ปากคลองตลาด","01/10/2569 16:40","ปกติ","-0.24","-","-","ปกติ",""
"หนองจอก","คลองหลวงแพ่ง","ค.หลวงแพ่ง วัดลำต้อยติ่ง","01/10/2569 16:40","ปกติ","1.06","-","-","วิกฤติ",""
"หนองจอก","คลองหลวงแพ่ง","ปตร.คลองหลวงแพ่ง","01/10/2569 16:45","ปกติ","1.11","1.69","-","วิกฤติ",""
"บางบอน","คลองหมื่นแช่ม","ค.หมื่นแช่ม-ถ.เอกชัย","01/10/2569 16:45","ปกติ","0.23","-","-","ปกติ",""
"ประเวศ","คลองหนองบอน","ค.หนองบอน ถ.เฉลิมพระเกียรติรัชกาลที่ 9","01/10/2569 16:40","ปกติ","-0.20","-","-","ปกติ",""
"สวนหลวง","คลองหนองบอน","ค.หนองบอน อ่อนนุช 66 ซ.13","01/10/2569 16:40","ปกติ","-0.64","-","-","ปกติ",""
"ประเวศ","คลองหนองบอน","ส.บึงหนองบอน","01/10/2569 16:45","ปกติ","-4.13","-1.05","-","ปกติ",""
"อำเภอลำลูกกาปทุมธานี","คลองหกวา","สถานีสูบน้ำกลางคลองหกวา ตอนถนนนิมิตใหม่*","01/10/2569 16:40","ขัดข้อง","1.91","-","-","เตือนภัย",""
"ธนบุรี","คลองสุทธาวาส","ค.วัดสุทธาวาส-ซ.เทอดไท 33","01/10/2569 16:40","ปกติ","0.09","-","-","ปกติ",""
"บางขุนเทียน","คลองสี่บาท","ส.คลองสี่บาท","01/10/2569 16:40","ปกติ","-0.35","0.15","-","ปกติ",""
"ลาดกระบัง","คลองสี่","ค.สี่ ถ.เจ้าคุณทหาร","01/10/2569 16:40","ปกติ","1.02","-","-","วิกฤติ",""
"มีนบุรี","คลองสี่","ค.สี่ ถ.สุวินทวงศ์","01/10/2569 16:45","ปกติ","1.03","-","-","วิกฤติ",""
"อำเภอลำลูกกาปทุมธานี","คลองสิบเอ็ด","ปตร.คลองสิบเอ็ด ตอนซอย อบจ.ปทุมธานี 2006*","01/10/2569 16:40","ขัดข้อง","1.60","-","-","เตือนภัย",""
"อำเภอลำลูกกาปทุมธานี","คลองสิบสาม","คลองสิบสาม ตอนสถานีสูบน้ำกลางคลองหกวาสายล่าง*","01/10/2569 16:40","ปกติ","1.48","-","-","ปกติ",""
"หนองจอก","คลองสิบสาม","ปตร.คลองสิบสาม","01/10/2569 16:45","ปกติ","1.36","-99.00","-","วิกฤติ",""
"หนองจอก","คลองสิบสอง","ค.สิบสอง-ถ.ประชาสำราญ","01/10/2569 16:45","ขัดข้อง","1.58","-","-","เตือนภัย",""
"อำเภอลำลูกกาปทุมธานี","คลองสิบสอง","ปตร.คลองสิบสอง ตอนถนนลำไทร*","01/10/2569 16:40","ขัดข้อง","1.56","-","-","เตือนภัย",""
"อำเภอลำลูกกาปทุมธานี","คลองสิบ","ปตร.คลองสิบ ตอนซอย อบจ.ปทุมธานี 2006*","01/10/2569 16:35","ขัดข้อง","1.64","-","-","เตือนภัย",""
"อำเภอเมืองสมุทรปราการ","คลองสำโรง","ส.คลองสำโรง","01/10/2569 16:40","ปกติ","-0.05","0.59","-","ปกติ",""
"ธนบุรี","คลองสำเหร่","ส.คลองสำเหร่","01/10/2569 16:40","ปกติ","-0.76","1.07","-","ปกติ",""
"ห้วยขวาง","คลองสามเสน","ค.สามเสน คลองชวดใหญ่","01/10/2569 16:45","ปกติ","-0.19","-","-","ปกติ",""
"ดุสิต","คลองสามเสน","ค.สามเสน ถ.พระราม 5","01/10/2569 16:40","ปกติ","-0.57","-","-","ปกติ",""
"ห้วยขวาง","คลองสามเสน","ค.สามเสน ถ.อโศก","01/10/2569 16:40","ปกติ","-0.55","-","-","ปกติ",""
"ดินแดง","คลองสามเสน","ค.สามเสน-ดินแดง","01/10/2569 16:45","ปกติ","-1.50","-","-","ปกติ",""
"ราชเทวี","คลองสามเสน","ค.สามเสน-ถ.พหลฯ","01/10/2569 16:45","ปกติ","-0.63","-","-","ปกติ",""
"ห้วยขวาง","คลองสามเสน","ค.สามเสน-ถ.เอกมัย","25/09/2569 17:10","ปกติ","0.00","-","-","วิกฤติ",""
"ดุสิต","คลองสามเสน","ส.สามเสน","01/10/2569 16:45","ปกติ","-0.87","1.47","-","ปกติ",""
"ห้วยขวาง","คลองสามเสน","ส.สามเสน-ค.แสนแสบ","01/10/2569 16:45","ปกติ","-0.23","-0.18","-","ปกติ",""
"อำเภอลำลูกกาปทุมธานี","คลองสามวา","คลองสามวา ตอนถนนเทศบาลลำลูกกา1*","01/10/2569 16:40","ขัดข้อง","1.50","-","-","เตือนภัย",""
"คลองสามวา","คลองสามวา","ปตร.คลองสามวา","01/10/2569 16:40","ปกติ","0.99","1.42","-","วิกฤติ",""
"ลาดกระบัง","คลองสาม","ค.สาม มอเตอร์เวย์","01/10/2569 16:40","ปกติ","1.00","-","-","วิกฤติ",""
"ลาดกระบัง","คลองสาม","ค.สาม ร่มเกล้า 17","01/10/2569 16:40","ปกติ","1.06","-","-","วิกฤติ",""
"บางรัก","คลองสาทร","ส.สาทร","01/10/2569 16:40","ปกติ","-0.97","0.20","1.04","ปกติ",""
"บางขุนเทียน","คลองสะแกงาม","ค.สะแกงาม ถ.กาญจนาภิเษก","01/10/2569 16:45","ปกติ","-0.78","-","-","ปกติ",""
"สายไหม","คลองสองสายใต้","ปตร.คลองสองสายใต้","01/10/2569 16:45","ปกติ","1.21","1.99","-","วิกฤติ",""
"ลาดกระบัง","คลองสองต้นนุ่น","ค.สองต้นน่น ซ.ร่มเกล้า 20","01/10/2569 16:40","ปกติ","0.80","-","-","วิกฤติ",""
"ลาดกระบัง","คลองสองต้นนุ่น","ค.สองต้นนุ่น ถ.มอเตอร์เวย์","01/10/2569 16:40","ปกติ","0.87","-","-","วิกฤติ",""
"มีนบุรี","คลองสองต้นนุ่น","ค.สองต้นนุ่น ถ.รามคำแหง","01/10/2569 16:40","ปกติ","0.65","-","-","วิกฤติ",""
"บางเขน","คลองสอง","จุดวัดคลองสอง ตอนถนนพหลโยธิน","01/10/2569 16:40","ปกติ","1.10","-","-","วิกฤติ",""
"ตลิ่งชัน","คลองสวนแดน","ค.สวนแดน ถ.ชัยพฤกษ์","01/10/2569 16:40","ปกติ","0.23","-","-","ปกติ",""
"สวนหลวง","คลองสวนอ้อย","ค.สวนอ้อย-ถ.อ่อนนุช ซอย 28","01/10/2569 16:45","ปกติ","-0.45","-","-","ปกติ",""
"จอมทอง","คลองสนามชัย","ค.สนามชัย-บางขุนเทียน","01/10/2569 16:40","ปกติ","0.26","-","-","ปกติ",""
"บางขุนเทียน","คลองสนามชัย","ค.สนามชัย-วัดเลา","01/10/2569 16:45","ปกติ","0.04","-","-","ปกติ",""
"บางขุนเทียน","คลองสนามชัย","ส.คลองสนามชัย","01/10/2569 16:45","ปกติ","-0.30","0.96","-","ปกติ",""
"ตลิ่งชัน","คลองศาลเจ้า","ค.ศาลเจ้า ถ.สวนผัก","01/10/2569 16:40","ปกติ","0.44","-","-","ปกติ",""
"ประเวศ","คลองศาลาลอย","ค.ศาลาลอย ถ.อ่อนนุช 61","01/10/2569 16:45","ปกติ","0.03","-","-","ปกติ",""
"บางคอแหลม","คลองวัดไทร","ส.คลองวัดไทร","01/10/2569 16:40","ปกติ","-1.98","0.92","-","ปกติ",""
"ตลิ่งชัน","คลองวัดไก่เตี้ย","ค.วัดไก่เตี้ย ส.คลองวัดไก่เตี้ย","01/10/2569 16:40","ปกติ","0.42","-","-","ปกติ",""
"บางขุนเทียน","คลองวัดหัวกระบือ","ค.วัดหัวกระบือ-วัดหัวกระบือ","01/10/2569 16:45","ปกติ","0.86","-","-","ปกติ",""
"หลักสี่","คลองวัดหลักสี่","ค.วัดหลักสี่ ถ.วิภาวดีรังสิต","01/10/2569 16:40","ปกติ","1.01","-","-","วิกฤติ",""
"วังทองหลาง","คลองวัดตึก","ค.วัดตึก ถ.ลาดพร้าว","01/10/2569 16:45","ปกติ","-0.78","-","-","ปกติ",""
"ยานนาวา","คลองวัดด่าน","ปตร.คลองวัดด่าน","01/10/2569 16:40","ปกติ","-0.68","0.83","-","ปกติ",""
"บางเขน","คลองลำพังพวย","คลองลำผักชี ตอนซอยรามอินทรา 21*","01/10/2569 16:40","ปกติ","1.16","-","-","ปกติ",""
"บึงกุ่ม","คลองลำพังพวย","คลองลำพังพวย ตอนถนนนวมินทร์*","01/10/2569 16:40","ปกติ","-0.19","-","-","ปกติ",""
"หนองจอก","คลองลำผักชี","ค.ลำผักชี รร.ลำผักชี","01/10/2569 16:45","ปกติ","1.19","-","-","วิกฤติ",""
"ลาดกระบัง","คลองลำปลาทิว","ค.ลำปลาทิว ซ.ฉลองกรุง 8","28/09/2569 01:55","ปกติ","0.94","-","-","วิกฤติ",""
"หนองจอก","คลองลำปลาทิว","ค.ลำปลาทิว ถ.สังฆสันติสุข","01/10/2569 16:40","ปกติ","1.26","-","-","วิกฤติ",""
"หนองจอก","คลองลำปลาทิว","คลองลำปลาทิว ตอนถนนบุรีภิรมย์*","01/10/2569 16:40","ปกติ","1.34","-","-","ปกติ",""
"คันนายาว","คลองลำชะล่า","ค.ลำชะล่า ซ.นวมินทร์ 86","01/10/2569 16:20","ปกติ","0.74","-","-","วิกฤติ",""
"คันนายาว","คลองลำชะล่า","ค.ลำชะล่า ถ.นวมินทร์","01/10/2569 16:40","ปกติ","1.00","-","-","วิกฤติ",""
"สวนหลวง","คลองลาว","ค.ลาว ถ.พัฒนาการ","01/10/2569 16:45","ปกติ","0.15","-","-","วิกฤติ",""
"หลักสี่","คลองลาดโตนด","ค.ลาดโตนด ปตร.คลองลาดโตนด","01/10/2569 16:45","ปกติ","-0.83","-","-","ปกติ",""
"จตุจักร","คลองลาดยาว","ค.ลาดยาว ถ.รัชดาภิเษก","01/10/2569 15:35","ปกติ","-1.45","-","-","ปกติ",""
"จตุจักร","คลองลาดยาว","ค.ลาดยาว ถ.วิภาวดีรังสิต 44","01/10/2569 16:40","ปกติ","-0.69","-","-","ปกติ",""
"วังทองหลาง","คลองลาดพร้าว","ค.ลาดพร้าว ถ.ประชาอุทิศ","01/10/2569 16:45","ขัดข้อง","0.11","-","-","เตือนภัย",""
"ห้วยขวาง","คลองลาดพร้าว","ค.ลาดพร้าว ถ.ประดิษฐ์มนูธรรม","01/10/2569 16:40","ขัดข้อง","-0.06","-","-","เตือนภัย",""
"ลาดพร้าว","คลองลาดพร้าว","ค.ลาดพร้าว-เสนานิคม","01/10/2569 16:45","ปกติ","0.84","-","-","วิกฤติ",""
"วังทองหลาง","คลองลาดพร้าว","ปตร.คลองลาดพร้าว","01/10/2569 16:45","ปกติ","0.35","0.46","-","วิกฤติ",""
"สะพานสูง","คลองลาดบัวขาว","ค.ลาดบัวขาว ซ.กาญจนาภิเษก 24","01/10/2569 16:40","ปกติ","0.71","-","-","วิกฤติ",""
"สะพานสูง","คลองลาดบัวขาว","ค.ลาดบัวขาว ถ.เคหะร่มเกล้า","01/10/2569 16:40","ปกติ","0.76","-","-","วิกฤติ",""
"ลาดกระบัง","คลองลาดกระบัง","ค.ลาดกระบัง ซ.ลาดกระบัง 54/6","01/10/2569 16:40","ปกติ","0.98","-","-","วิกฤติ",""
"บางแค","คลองราษฎร์สามัคคี","ค.ราษฎร์สามัคคี ถ.เพชรเกษม 63","01/10/2569 16:40","ปกติ","0.39","-","-","ปกติ",""
"บางเขน","คลองรางอ้อ-รางแก้ว","ค.รางอ้อ-รางแก้ว ถ.พหลโยธิน","01/10/2569 16:45","ปกติ","0.40","-","-","ปกติ",""
"บางเขน","คลองรางอ้อ-รางแก้ว","ค.รางอ้อ-รางแก้ว ถ.รามอินทรา","01/10/2569 16:40","ปกติ","1.08","-","-","ปกติ",""
"ทุ่งครุ","คลองรางจาก","ปตร.คลองรางจาก-ประชาอุทิศ","01/10/2569 16:40","ปกติ","0.38","0.38","-","ปกติ",""
"อำเภอเมืองปทุมธานี","คลองรังสิตประยูรศักดิ์","คลองรังสิตประยูรศักดิ์ ตอนสถานีสูบน้ำปากคลองรังสิต*","01/10/2569 16:35","ขัดข้อง","2.01","-","-","เตือนภัย",""
"บางขุนเทียน","คลองระหาญ","ส.คลองระหาญ","01/10/2569 16:40","ปกติ","-1.24","0.59","-","ปกติ",""
"ภาษีเจริญ","คลองยายเพียร","ค.ยายเพียร ถ.เพชรเกษม","01/10/2569 16:40","ปกติ","0.34","-","-","ปกติ",""
"บางกะปิ","คลองยายเผื่อน","ค.ยายเผื่อน ถ.ลาดพร้าว","01/10/2569 16:40","ปกติ","-1.54","-","-","ปกติ",""
"บางกะปิ","คลองยายเผื่อน","ค.ยายเผื่อน แฮปปี้แลนด์","01/10/2569 16:45","ปกติ","-0.48","-","-","ปกติ",""
"ห้วยขวาง","คลองยายสุ่น","ค.คลองยายสุ่น ถ.รัชดาภิเษก","01/10/2569 16:45","ปกติ","-0.49","-","-","ปกติ",""
"ประเวศ","คลองมะขามเทศ","ค.มะขามเทศ-ถ.พัฒนาการ","01/10/2569 16:45","ปกติ","-0.12","-","-","ปกติ",""
"ประเวศ","คลองมะขามเทศ","คลองมะขามเทศ ตอนบึงหนองบอน*","01/10/2569 16:40","ปกติ","-0.67","-","-","ปกติ",""
"บางกอกน้อย","คลองมอญ","ส.คลองมอญ","01/10/2569 16:40","ปกติ","-99.00","1.30","-","ปกติ",""
"ทวีวัฒนา","คลองมหาสวัสดิ์","ค.มหาสวัสดิ์ วัดปุรณาวาส","01/10/2569 16:45","ปกติ","1.38","-","-","ปกติ",""
"ทวีวัฒนา","คลองมหาสวัสดิ์","ค.มหาสวัสดิ์-ถ.พุทธฯสาย 2","01/10/2569 16:40","ปกติ","-1.63","-","-","ปกติ",""
"ตลิ่งชัน","คลองมหาสวัสดิ์","ค.มหาสวัสดิ์-สวนแดน 2","01/10/2569 16:40","ปกติ","1.43","-","-","ปกติ",""
"อำเภอนครชัยศรี นครปฐม","คลองมหาสวัสดิ์","คลองมหาสวัสดิ์ ช่วงโครงการส่งน้ำและบำรุงรักษาพระพิมล*","01/10/2569 16:40","ปกติ","1.15","-","-","ปกติ",""
"ภาษีเจริญ","คลองภาษีเจริญ","ค.ภาษีเจริญ วัดรางบัว","01/10/2569 16:40","ปกติ","0.30","-","-","ปกติ",""
"หนองแขม","คลองภาษีเจริญ","ค.ภาษีเจริญ-วัดหนองแขม","01/10/2569 16:40","ปกติ","0.44","-","-","ปกติ",""
"ภาษีเจริญ","คลองภาษีเจริญ","ค.ราชมนตรี-ภาษีเจริญ","01/10/2569 16:35","ปกติ","0.32","-","-","ปกติ",""
"อำเภอกระทุ่มแบน สมุทรสาคร","คลองภาษีเจริญ","คลองภาษีเจริญ ช่วงโครงการส่งน้ำและบำรุงรักษาภาษีเจริญ*","01/10/2569 16:40","ปกติ","0.23","-","-","ปกติ",""
"ภาษีเจริญ","คลองภาษีเจริญ","ส.คลองภาษีเจริญ","01/10/2569 16:40","ปกติ","0.28","0.31","-","ปกติ",""
"บางขุนเทียน","คลองพิทยาลงกรณ์","ค.พิทยาฯ-รร.พิทยาลงกรณ์","01/10/2569 16:45","ปกติ","0.70","-","-","ปกติ",""
"วัฒนา","คลองพร้อมศรี2","ค.พร้อมศรี 2 ถ.สุขุมวิท 49/13","01/10/2569 16:40","ปกติ","-1.62","-","-","ปกติ",""
"สวนหลวง","คลองพระโขนง","ค.ประเวศ ซ.อ่อนนุช 17","01/10/2569 16:40","ปกติ","-0.24","-","-","ปกติ",""
"คลองเตย","คลองพระโขนง","ส.พระโขนง","01/10/2569 16:40","ปกติ","-0.83","0.98","-","ปกติ",""
"อำเภอบางน้ำเปรี้ยว ฉะเชิงเทรา","คลองพระองค์เจ้าไชยานุชิต","ปตร.กลางคลองพระองค์เจ้าฯ*","01/10/2569 16:35","ปกติ","1.48","-","-","ปกติ",""
"คลองสามวา","คลองพระยาสุเรนทร์","ค.พระยาสุเรนทร์ ถ.จตุโชติ","01/10/2569 16:40","ปกติ","1.44","-","-","วิกฤติ",""
"คลองสามวา","คลองพระยาสุเรนทร์","ค.พระยาสุเรนทร์ ถ.หนองระแหง","01/10/2569 16:40","ปกติ","1.45","-","-","วิกฤติ",""
"มีนบุรี","คลองพระยาสุเรนทร์","ค.พระยาสุเรนทร์ บางชัน","01/10/2569 16:35","ขัดข้อง","0.92","-","-","เตือนภัย",""
"คลองสามวา","คลองพระยาสุเรนทร์","ค.พระยาสุเรนทร์ ปัญญาอินทรา","01/10/2569 16:40","ปกติ","1.07","-","-","วิกฤติ",""
"สายไหม","คลองพระยาสุเรนทร์","ปตร.คลองพระยาสุเรนทร์","01/10/2569 16:45","ปกติ","1.41","2.01","-","วิกฤติ",""
"คลองสามวา","คลองพระยาสุเรนทร์","ปตร.พระยาสุเรนทร์ ตอนคู้บอน","01/10/2569 16:40","ขัดข้อง","1.06","-","-","เตือนภัย",""
"บางขุนเทียน","คลองพระยาราชมนตรี","ค.ราชมนตรี-พระราม 2","01/10/2569 16:45","ปกติ","-0.16","-","-","ปกติ",""
"บางขุนเทียน","คลองพระยาราชมนตรี","ส.คลองพระยาราชมนตรี","01/10/2569 16:40","ปกติ","-3.01","0.80","-","ปกติ",""
"จตุจักร","คลองพญาเวิก","ค.พญาเวิก ปตร.คลองพญาเวิก","01/10/2569 16:45","ปกติ","-0.39","-","-","ปกติ",""
"ดุสิต","คลองผดุงกรุงเกษม","ค.ผดุงกรุงเกษม ทำเนียบรัฐบาล","01/10/2569 16:40","ปกติ","-0.31","-","-","ปกติ",""
"ปทุมวัน","คลองผดุงกรุงเกษม","ค.ผดุงกรุงเกษม หัวลำโพง","01/10/2569 16:40","ปกติ","-0.53","-","-","ปกติ",""
"บางรัก","คลองผดุงกรุงเกษม","ส.กรุงเกษม","01/10/2569 16:40","ปกติ","-0.55","1.12","-","ปกติ",""
"พระนคร","คลองผดุงกรุงเกษม","ส.เทเวศร์","01/10/2569 16:45","ปกติ","-0.34","1.39","-","ปกติ",""
"ประเวศ","คลองปากน้ำ","ค.ปากน้ำ ถ.คู่ขนานกาญจนาภิเษก","01/10/2569 16:40","ปกติ","0.67","-","-","วิกฤติ",""
"ประเวศ","คลองปลัดเปรียง","ค.ปลัดเปรียง-ถ.เฉลิมพระเกียรติร.9 ซ.14","01/10/2569 16:45","ปกติ","-0.19","-","-","ปกติ",""
"ลาดกระบัง","คลองประเวศบุรีรมย์","ค.ประเวศฯ-ถ.ร่วมพัฒนา","01/10/2569 16:45","ปกติ","1.00","-","-","วิกฤติ",""
"ลาดกระบัง","คลองประเวศบุรีรมย์","ค.ประเวศฯ-รพ.ลาดกระบัง","01/10/2569 16:45","ปกติ","0.99","-","-","วิกฤติ",""
"สวนหลวง","คลองประเวศบุรีรมย์","ค.ประเวศฯ-วัดขจรฯ","01/10/2569 16:40","ปกติ","0.33","-","-","วิกฤติ",""
"อำเภอบางบ่อสมุทรปราการ","คลองประเวศบุรีรมย์","ปตร.คลองประเวศฯ-กรมชลฯ","01/10/2569 16:45","ปกติ","1.19","-","-","วิกฤติ",""
"ลาดกระบัง","คลองประเวศบุรีรมย์","ปตร.คลองประเวศฯ-ลาดกระบัง","01/10/2569 16:40","ปกติ","0.73","0.87","-","วิกฤติ",""
"ประเวศ","คลองประเวศบุรีรมย์","ปตร.คลองประเวศฯ-วัดกระทุ่มฯ","01/10/2569 16:40","ปกติ","0.54","0.55","-","วิกฤติ",""
"ทวีวัฒนา","คลองบ้านไทร","ค.บ้านไทร-ถ.พุทธมณฑลสาย 2","01/10/2569 16:45","ปกติ","0.36","-","-","ปกติ",""
"อำเภอปากเกร็ดนนทบุรี","คลองบ้านใหม่","ค.บ้านใหม่-ซ.พระแม่การุณย์ 27","01/10/2569 16:45","ปกติ","0.66","-","-","ปกติ",""
"พระโขนง","คลองบ้านหลาย","ค.บ้านหลาย ถ.สุขุมวิท 77","01/10/2569 16:40","ปกติ","-0.28","-","-","ปกติ",""
"พระโขนง","คลองบ้านหลาย","ค.บ้านหลาย-ซ.พึ่งมี 48","01/10/2569 16:45","ปกติ","-0.38","-","-","ปกติ",""
"บางกะปิ","คลองบ้านม้า","ค.บ้านม้า-ถ.รามคำแหง","01/10/2569 16:45","ปกติ","0.45","-","-","ปกติ",""
"สวนหลวง","คลองบ้านป่า","ค.บ้านป่า ถ.พัฒนาการ","01/10/2569 16:40","ปกติ","-0.25","-","-","ปกติ",""
"มีนบุรี","คลองบึงใหญ่","ค.บึงใหญ่-วัดทองสัมฤทธิ์","01/10/2569 16:45","ปกติ","1.00","-","-","วิกฤติ",""
"มีนบุรี","คลองบึงขวาง","ปตร.คลองบึงขวาง","01/10/2569 16:45","ปกติ","0.78","-2.00","-","วิกฤติ",""
"คลองสาน","คลองบางไส้ไก่","ส.คลองบางไส้ไก่","01/10/2569 16:40","ปกติ","-0.76","1.03","-","ปกติ",""
"ภาษีเจริญ","คลองบางแวก","ค.บางแวก ถ.พุทธฯฑลสาย 1","01/10/2569 16:45","ขัดข้อง","0.63","-","-","เตือนภัย",""
"หนองแขม","คลองบางแวก","ค.บางแวก-ค.ทวีวัฒนา","29/09/2569 02:35","ปกติ","0.74","-","-","เตือนภัย",""
"ภาษีเจริญ","คลองบางแวก","ค.บางแวก-ค.บางกอกใหญ่","01/10/2569 16:40","ปกติ","0.36","-","-","ปกติ",""
"บึงกุ่ม","คลองบางเตย","ค.บางเตย ถ.นวมินทร์ 66/3","01/10/2569 16:40","ปกติ","0.57","-","-","วิกฤติ",""
"บางแค","คลองบางเชือกหนัง","ค.บางเชือกหนัง ถ.กาญจนาฯ","01/10/2569 16:45","ปกติ","0.50","-","-","ปกติ",""
"บางแค","คลองบางเชือกหนัง","ค.บางเชือกหนัง ถ.พุทธฯสาย 2","01/10/2569 16:40","ปกติ","0.49","-","-","ปกติ",""
"ภาษีเจริญ","คลองบางเชือกหนัง","ค.บางเชือกหนัง-ถ.พุทธมณฑลสาย 1","01/10/2569 16:40","ปกติ","0.54","-","-","ปกติ",""
"ภาษีเจริญ","คลองบางเชือกหนัง","ค.บางเชือกหนัง-วัดปากน้ำฝั่งใต้","01/10/2569 16:45","ปกติ","0.45","-","-","ปกติ",""
"บางซื่อ","คลองบางเขนใหม่","ส.คลองบางเขนใหม่","01/10/2569 16:40","ปกติ","-1.13","1.64","-","ปกติ",""
"บางซื่อ","คลองบางเขน","ค.บางเขน ถ.กรุงเทพ-นนท์","01/10/2569 16:45","ปกติ","-0.04","-","-","ปกติ",""
"บางซื่อ","คลองบางเขน","ค.บางเขน ถ.ประชาชื่น","01/10/2569 16:45","ปกติ","0.41","-","-","ปกติ",""
"หลักสี่","คลองบางเขน","ค.บางเขน ถ.วิภาวดีฯ","30/09/2569 20:00","ปกติ","0.76","-","-","วิกฤติ",""
"พระโขนง","คลองบางอ้อน้อย","ค.บางอ้อน้อย ซ.สุขุมวิท 64","01/10/2569 16:40","ปกติ","-1.34","-","-","ปกติ",""
"พระโขนง","คลองบางอ้อ","ค.บางอ้อ ซ.สุขุมวิท 64","01/10/2569 16:45","ปกติ","-1.38","-","-","ปกติ",""
"พระโขนง","คลองบางอ้อ","ค.บางอ้อใหญ่ ซ.สุขุมวิท 66/1","01/10/2569 16:35","ปกติ","-1.32","-","-","ปกติ",""
"พระโขนง","คลองบางอ้อ","ส.บางอ้อ","01/10/2569 16:40","ปกติ","-1.32","0.87","-","ปกติ",""
"พระนคร","คลองบางลำพู","ค.บางลำพู สะพานผ่านฟ้า","01/10/2569 16:40","ปกติ","-0.38","-","-","ปกติ",""
"บางพลัด","คลองบางยี่ขัน","ค.บางยี่ขัน ถ.จรัญสนิทวงศ์","01/10/2569 16:40","ปกติ","0.74","-","-","วิกฤติ",""
"บางพลัด","คลองบางยี่ขัน","ค.บางยี่ขัน ส.คลองบางยี่ขัน","01/10/2569 16:45","ปกติ","0.37","-","-","ปกติ",""
"วัฒนา","คลองบางมะเขือ","ค.บางมะเขือ ถ.สุขุมวิท 71","01/10/2569 16:40","ปกติ","-1.62","-","-","ปกติ",""
"จอมทอง","คลองบางมด","คลองบางมด ตอนซอยพุทธบูชา 24*","01/10/2569 16:40","ปกติ","0.44","-","-","ปกติ",""
"หลักสี่","คลองบางพูด","คลองบางพูด ตอนบึงสีกัน*","01/10/2569 16:40","ปกติ","-0.70","-","-","ปกติ",""
"บางบอน","คลองบางพราน","ค.บางพราน ถ.บางบอน 2","01/10/2569 16:40","ปกติ","0.17","-","-","ปกติ",""
"ทวีวัฒนา","คลองบางพรม","ค.บางพรม ถ.กาญจนาฯ","01/10/2569 16:45","ขัดข้อง","0.60","-","-","เตือนภัย",""
"ตลิ่งชัน","คลองบางพรม","ค.บางพรม ถ.ฉิมพลี","01/10/2569 16:45","ขัดข้อง","0.69","-","-","เตือนภัย",""
"ทวีวัฒนา","คลองบางพรม","ค.บางพรม ถ.พุทธฯสาย 3","01/10/2569 16:40","ปกติ","0.32","-","-","ปกติ",""
"ตลิ่งชัน","คลองบางพรม","ค.บางพรม-ค.ชักพระ","01/10/2569 16:45","ปกติ","0.52","-","-","ปกติ",""
"ราษฎร์บูรณะ","คลองบางปะแก้ว","ค.บางปะแก้ว-ถ.ราษฎร์บูรณะ","01/10/2569 16:40","ปกติ","-0.01","-","-","ปกติ",""
"บางกอกน้อย","คลองบางบำหรุ","ค.บางบำหรุ ถ.บรมราชชนนี","01/10/2569 16:40","ปกติ","0.73","-","-","วิกฤติ",""
"บางพลัด","คลองบางบำหรุ","ค.บางบำหรุ ถ.สิรินธร","01/10/2569 16:40","ปกติ","0.84","-","-","วิกฤติ",""
"บางเขน","คลองบางบัว","ค.บางบัว","01/10/2569 16:40","ขัดข้อง","0.97","-","-","เตือนภัย",""
"หลักสี่","คลองบางบัว","คลองบางบัว ตอนถนนแจ้งวัฒนะ*","01/10/2569 16:40","ขัดข้อง","1.00","-","-","เตือนภัย",""
"บางบอน","คลองบางบอน","ค.บางบอน ถ.กาญจนาภิเษก","01/10/2569 16:40","ปกติ","0.09","-","-","ปกติ",""
"บางบอน","คลองบางบอน","ค.บางบอน ถ.บางขุนเทียน","01/10/2569 16:40","ปกติ","-0.06","-","-","ปกติ",""
"บางบอน","คลองบางบอน","ค.บางบอน-ค.สะแกงาม","01/10/2569 16:45","ปกติ","0.34","-","-","ปกติ",""
"บางนา","คลองบางนางจีน","ค.บางนางจีน ซ.สุขุมวิท 66/1","01/10/2569 16:40","ปกติ","-2.46","-","-","ปกติ",""
"พระโขนง","คลองบางนางจีน","ค.บางนางจีน ซ.สุขุมวิท 93","01/10/2569 16:40","ปกติ","-0.69","-","-","ปกติ",""
"พระโขนง","คลองบางนางจีน","ค.บางนางจีน ถ.สุขุมวิท 101/1","01/10/2569 16:45","ปกติ","-0.97","-","-","ปกติ",""
"พระโขนง","คลองบางนางจีน","ค.บางนางจีน ส.สูบน้ำบางนางจีน","01/10/2569 16:10","ปกติ","-0.68","-","-","ปกติ",""
"พระโขนง","คลองบางนางจีน","คลองบางนางจีน ตอนแยกถนนสุขุมวิท 101/1*","01/10/2569 16:35","ปกติ","-2.23","-","-","ปกติ",""
"บางนา","คลองบางนา","ค.บางนา ซ.บางนา-ตราด 56","01/10/2569 16:40","ปกติ","-0.35","-","-","ปกติ",""
"บางนา","คลองบางนา","ค.บางนา ถ.ศรีนครินทร์","01/10/2569 16:40","ปกติ","-0.50","-","-","ปกติ",""
"บางนา","คลองบางนา","ค.บางนา ถ.สุขุมวิท","01/10/2569 16:40","ปกติ","-1.09","-","-","ปกติ",""
"บางนา","คลองบางนา","ส.บางนา","01/10/2569 16:45","ปกติ","-1.62","0.77","-","ปกติ",""
"หลักสี่","คลองบางตลาด","ค.บางตลาด-ท่าทราย","01/10/2569 16:40","ปกติ","-0.61","-","-","ปกติ",""
"อำเภอปากเกร็ดนนทบุรี","คลองบางตลาด","คลองบางตลาด ตอนกรมชลประทาน ปากเกร็ด*","01/10/2569 16:40","ปกติ","0.06","-","-","ปกติ",""
"จตุจักร","คลองบางซื่อ","ค.บางซื่อ ถ.พระราม 6","01/10/2569 16:40","ปกติ","-1.06","-","-","ปกติ",""
"จตุจักร","คลองบางซื่อ","ค.บางซื่อ ถ.พหลฯ","01/10/2569 16:45","ปกติ","-0.97","-","-","ปกติ",""
"ห้วยขวาง","คลองบางซื่อ","ค.บางซื่อ ถ.รัชดาฯ","01/10/2569 15:55","ปกติ","-0.30","-","-","ปกติ",""
"ห้วยขวาง","คลองบางซื่อ","ค.บางซื่อ ถ.ลาดพร้าว","01/10/2569 16:40","ปกติ","0.16","-","-","ปกติ",""
"จตุจักร","คลองบางซื่อ","ค.บางซื่อ ถ.วิภาวดีฯ","01/10/2569 16:40","ปกติ","-0.60","-","-","ปกติ",""
"บางซื่อ","คลองบางซื่อ","ค.เปรมฯ ถ.พระราม 5","24/09/2569 04:30","ปกติ","-0.98","-","-","ปกติ",""
"ดุสิต","คลองบางซื่อ","ส.คลองบางซื่อ","01/10/2569 16:45","ปกติ","-0.98","1.60","-","ปกติ",""
"บางแค","คลองบางจาก","ค.บางจาก ซ.เพชรเกษม 68","01/10/2569 16:40","ปกติ","0.49","-","-","ปกติ",""
"บางแค","คลองบางจาก","ค.บางจาก ถ.พุทธฯสาย 2","01/10/2569 16:40","ปกติ","0.54","-","-","ปกติ",""
"ภาษีเจริญ","คลองบางจาก","ค.บางจาก-ค.บางหว้า","01/10/2569 16:40","ปกติ","0.43","-","-","ปกติ",""
"พระโขนง","คลองบางจาก","ส.บางจาก","01/10/2569 16:40","ปกติ","-1.38","0.79","-","ปกติ",""
"บางแค","คลองบางขี้แก้ง","คลองบางขี้แก้ง ตอนถนนพุทธมณฑลสาย2*","01/10/2569 16:40","ปกติ","0.51","-","-","ปกติ",""
"บึงกุ่ม","คลองบางขวด","คลองบางขวด ตอนซอยนวลจันทร์ 36*","01/10/2569 16:40","ปกติ","0.41","-","-","ปกติ",""
"ธนบุรี","คลองบางกอกใหญ่","ส.คลองบางกอกใหญ่","01/10/2569 16:40","ปกติ","0.16","1.30","-","ปกติ",""
"ดุสิต","คลองบางกระบือ","ค.บางกระบือ ถ.สามเสน","01/10/2569 16:40","ปกติ","-0.16","-","-","ปกติ",""
"ตลิ่งชัน","คลองบัว","ค.บัว ถ.พุทธมณฑลสาย 1","01/10/2569 16:40","ปกติ","0.57","-","-","ปกติ",""
"ตลิ่งชัน","คลองบัว","ปตร.คลองบัว ทางรถไฟ","01/10/2569 16:40","ปกติ","0.32","1.37","-","ปกติ",""
"ห้วยขวาง","คลองน้ำแก้ว","ค.น้ำแก้ว ซ.ลาดพร้าว 41","01/10/2569 16:40","ขัดข้อง","0.45","-","-","เตือนภัย",""
"ดินแดง","คลองนาซอง","ค.นาซอง ถ.ประชาสุข","01/10/2569 16:45","ปกติ","-2.00","-","-","ปกติ",""
"ทวีวัฒนา","คลองทวีวัฒนา","ค.ทวีวัฒนา ถ.บรมราชชนนี","01/10/2569 16:40","ปกติ","0.37","-","-","ปกติ",""
"บางแค","คลองทวีวัฒนา","ค.ทวีวัฒนา ถ.เพชรเกษม","01/10/2569 16:40","ปกติ","0.45","-","-","ปกติ",""
"บางแค","คลองทวีวัฒนา","ค.ทวีวัฒนา-ภาษีฯ","01/10/2569 16:40","ปกติ","0.41","-","-","ปกติ",""
"ทวีวัฒนา","คลองทวีวัฒนา","ค.ทวีฯ-บางเชือกหนัง","01/10/2569 16:45","ปกติ","0.41","-","-","ปกติ",""
"ทวีวัฒนา","คลองทวีวัฒนา","ปตร.คลองทวีวัฒนา","01/10/2569 16:40","ปกติ","0.39","1.32","-","วิกฤติ",""
"ลาดพร้าว","คลองทรงกระเทียม","ค.ทรงกระเทียม ถ.นาคนิวาส","01/10/2569 16:45","ปกติ","0.00","-","-","วิกฤติ",""
"บางกะปิ","คลองทรงกระเทียม","ค.ทรงกระเทียม ปตร.คลองทรงกระเทียม","01/10/2569 16:45","ปกติ","0.00","-","-","วิกฤติ",""
"ดอนเมือง","คลองตาอูฐ","ค.ตาอูฐ ซ.แจ้งวัฒนะ 14","01/10/2569 16:45","ปกติ","-0.71","-","-","ปกติ",""
"ลาดกระบัง","คลองตาพุก","ค.ตาพุก ค.ทับช้างบน","01/10/2569 16:45","ปกติ","0.72","-","-","วิกฤติ",""
"ประเวศ","คลองตาพุก","ค.ตาพุก ถ.ลาดกระบัง","01/10/2569 16:40","ปกติ","0.66","-","-","วิกฤติ",""
"ประเวศ","คลองตาช้าง","ค.ตาช้าง ถ.ศรีนครินทร์","01/10/2569 16:40","ปกติ","-0.99","-","-","ปกติ",""
"สวนหลวง","คลองตัน","ค.ตัน-ทางด่วน","01/10/2569 16:45","ปกติ","-0.29","-","-","ปกติ",""
"อำเภอบางบ่อสมุทรปราการ","คลองด่าน","สถานีสูบน้ำชลหารพิจิตร*","01/10/2569 16:40","ปกติ","-0.05","-","-","ปกติ",""
"ราษฎร์บูรณะ","คลองดาวคะนอง","ส.ดาวคะนอง","01/10/2569 16:40","ปกติ","0.19","1.00","-","ปกติ",""
"ทวีวัฒนา","คลองซอย","ค.ซอย ถ.บรมราชชนนี","01/10/2569 16:40","ปกติ","0.41","-","-","ปกติ",""
"ทวีวัฒนา","คลองซอย","ค.ซอย ถ.ศาลาธรรมสพน์","01/10/2569 16:40","ปกติ","0.42","-","-","ปกติ",""
"ยานนาวา","คลองช่องนนทรี","ส.คลองช่องนนทรี","01/10/2569 16:40","ปกติ","-2.34","0.80","-","ปกติ",""
"ภาษีเจริญ","คลองชักพระ","ค.ชักพระ วัดคูหาสวรรค์","01/10/2569 16:45","ปกติ","0.31","-","-","ปกติ",""
"ตลิ่งชัน","คลองชักพระ","ส.คลองชักพระ","01/10/2569 16:45","ปกติ","0.44","1.41","-","ปกติ",""
"ห้วยขวาง","คลองชวดใหญ่","ค.ชวดใหญ่ คลองลาดพร้าว","28/09/2569 18:40","ปกติ","0.42","-","-","วิกฤติ",""
"ห้วยขวาง","คลองชวดใหญ่","ค.ชวดใหญ่ ถ.พระราม 9","01/10/2569 16:40","ปกติ","-0.21","-","-","ปกติ",""
"ห้วยขวาง","คลองชวดใหญ่","ค.ชวดใหญ่ ถ.พระราม 9 ซ.13","01/10/2569 16:45","ปกติ","-0.24","-","-","ปกติ",""
"วังทองหลาง","คลองจิต","ค.จิต ซ.ลาดพร้าว 122","01/10/2569 16:40","ปกติ","-1.09","-","-","ปกติ",""
"บางกะปิ","คลองจิก","ค.จิก ถ.หัวหมาก","01/10/2569 16:45","ปกติ","0.11","-","-","วิกฤติ",""
"บางกะปิ","คลองจั่น","ค.จั่น ถ.โยธินพัฒนา","01/10/2569 16:45","ปกติ","0.25","-","-","ปกติ",""
"วังทองหลาง","คลองจั่น","ค.จั่น ถ.ลาดพร้าว","01/10/2569 15:15","ปกติ","0.11","-","-","วิกฤติ",""
"ประเวศ","คลองจระเข้ขบ","ค.จระเข้ขบ-ถ.สุขาภิบาล2 ซ.2","01/10/2569 15:10","ปกติ","0.62","-","-","วิกฤติ",""
"ทวีวัฒนา","คลองควาย","ค.ควาย ถ.บรมราชชนนี","01/10/2569 16:40","ปกติ","0.42","-","-","ปกติ",""
"ทวีวัฒนา","คลองควาย","ค.ควาย ถ.ศาลาธรรมสพน์","01/10/2569 16:40","ปกติ","0.38","-","-","ปกติ",""
"หลักสี่","คลองข้างศูนย์ราชการ","ค.ข้างศูนย์ราชการ","01/10/2569 16:40","ปกติ","-0.41","-","-","ปกติ",""
"สวนหลวง","คลองขุนสกล","ค.ขุนสกล ซ.ศรีนครินทร์ 36","01/10/2569 16:40","ปกติ","-0.59","-","-","ปกติ",""
"ทวีวัฒนา","คลองขุนศรีบุรีรักษ์","ค.บางขุนศรีบุรีรักษ์ ถ.บรมราชชนนี","01/10/2569 16:40","ปกติ","0.38","-","-","ปกติ",""
"ทวีวัฒนา","คลองขุนศรีบุรีรักษ์","ปตร.คลองขุนศรีฯ-ค.มหาสวัสดิ์","01/10/2569 16:45","ปกติ","0.39","1.37","-","ปกติ",""
"ตลิ่งชัน","คลองขุนจันทร์","ค.ขุนจันทร์ ถ.ฉิมพลี","01/10/2569 16:40","ปกติ","0.35","-","-","ปกติ",""
"บางกะปิ","คลองกะจะ","ค.กะจะ ถ.พระราม 9","01/10/2569 16:40","ปกติ","-0.32","-","-","ปกติ",""
"บางกะปิ","คลองกะจะ","ค.กะจะ ถ.พระราม 9 ซ.57","01/10/2569 16:40","ปกติ","0.14","-","-","วิกฤติ",""
"บางเขน","คลองกระเฉด","ค.กระเฉด(โรงควบคุมคุณภาพน้ำรามอินทรา)","01/10/2569 16:40","ปกติ","-0.75","-","-","ปกติ",""