Record_ID,Report_Date,Region,Province,Disaster_Type,Affected_Districts_Count,District_Names,Affected_Subdistricts_Count,Affected_Villages_Count,Affected_Households,Casualties_Deaths,Water_Level_Trend,Current_Status,Remarks,Ingested_At,Source_URL
2026-09-30_ตาก_อุทกภัย,2026-09-30,ภาคเหนือ,ตาก,อุทกภัย,2,อ.บ้านตาก อ.แม่สอด,2,11,561,-,เพิ่มขึ้น,กำลังประสบภัย,ปภ. รายงาน 545/2569 วันที่ 30 ก.ย. 2569 เวลา 06.00 น. ตารางหน้า 1; บาดเจ็บ: -; สูญหาย: -; คงเครื่องหมาย - และช่องว่างตามต้นฉบับ,2026-10-01 15:05:17,https://backofficeminisite.disaster.go.th/apiv1/apps/minisite_directing/194/content/8728/download?filename=5d20575fa6cbe9d1e5a046aeef36e7a3.pdf
2026-09-30_พิษณุโลก_อุทกภัย,2026-09-30,ภาคเหนือ,พิษณุโลก,อุทกภัย,1,อ.บางระกำ,2,2,8,-,ลดลง,กำลังประสบภัย,ปภ. รายงาน 545/2569 วันที่ 30 ก.ย. 2569 เวลา 06.00 น. ตารางหน้า 1; บาดเจ็บ: -; สูญหาย: -; คงเครื่องหมาย - และช่องว่างตามต้นฉบับ,2026-10-01 15:05:17,https://backofficeminisite.disaster.go.th/apiv1/apps/minisite_directing/194/content/8728/download?filename=5d20575fa6cbe9d1e5a046aeef36e7a3.pdf
2026-09-30_เพชรบูรณ์_อุทกภัย,2026-09-30,ภาคเหนือ,เพชรบูรณ์,อุทกภัย,6,อ.เมืองฯ อ.ชนแดน อ.บึงสามพัน อ.วิเชียรบุรี อ.ศรีเทพ อ.หนองไผ่,9,19,82,-,ลดลง,กำลังประสบภัย,ปภ. รายงาน 545/2569 วันที่ 30 ก.ย. 2569 เวลา 06.00 น. ตารางหน้า 1; บาดเจ็บ: -; สูญหาย: -; คงเครื่องหมาย - และช่องว่างตามต้นฉบับ,2026-10-01 15:05:17,https://backofficeminisite.disaster.go.th/apiv1/apps/minisite_directing/194/content/8728/download?filename=5d20575fa6cbe9d1e5a046aeef36e7a3.pdf
2026-09-30_กำแพงเพชร_อุทกภัย,2026-09-30,ภาคเหนือ,กำแพงเพชร,อุทกภัย,8,อ.ปางศิลาทอง อ.เมืองฯ อ.ขาณุวรลักษบุรี อ.คลองขลุง อ.คลองลาน อ.บึงสามัคคี อ.ทรายทองวัฒนา อ.โกสัมพีนคร,47,331,6122,-,ลดลง,กำลังประสบภัย,ปภ. รายงาน 545/2569 วันที่ 30 ก.ย. 2569 เวลา 06.00 น. ตารางหน้า 2; บาดเจ็บ: -; สูญหาย: -; คงเครื่องหมาย - และช่องว่างตามต้นฉบับ,2026-10-01 15:05:17,https://backofficeminisite.disaster.go.th/apiv1/apps/minisite_directing/194/content/8728/download?filename=5d20575fa6cbe9d1e5a046aeef36e7a3.pdf
2026-09-30_นครสวรรค์_อุทกภัย,2026-09-30,ภาคเหนือ,นครสวรรค์,อุทกภัย,11,อ.พยุหะคีรี อ.แม่วงก์ อ.ตาคลี อ.ไพศาลี อ.ลาดยาว อ.บรรพตพิสัย อ.เก้าเลี้ยว อ.เมืองฯ อ.ชุมแสง อ.ท่าตะโก อ.ตากฟ้า,54,280,7777,-,เพิ่มขึ้น,กำลังประสบภัย,ปภ. รายงาน 545/2569 วันที่ 30 ก.ย. 2569 เวลา 06.00 น. ตารางหน้า 2; บาดเจ็บ: -; สูญหาย: -; คงเครื่องหมาย - และช่องว่างตามต้นฉบับ,2026-10-01 15:05:17,https://backofficeminisite.disaster.go.th/apiv1/apps/minisite_directing/194/content/8728/download?filename=5d20575fa6cbe9d1e5a046aeef36e7a3.pdf
2026-09-30_อุทัยธานี_อุทกภัย,2026-09-30,ภาคกลาง,อุทัยธานี,อุทกภัย,8,อ.หนองฉาง อ.ห้วยคต อ.สว่างอารมณ์ อ.หนองขาหย่าง อ.บ้านไร่ อ.ลานสัก อ.เมืองฯ อ.ทัพทัน,44,222,1734,-,ทรงตัว,กำลังประสบภัย,ปภ. รายงาน 545/2569 วันที่ 30 ก.ย. 2569 เวลา 06.00 น. ตารางหน้า 2; บาดเจ็บ: -; สูญหาย: -; คงเครื่องหมาย - และช่องว่างตามต้นฉบับ,2026-10-01 15:05:17,https://backofficeminisite.disaster.go.th/apiv1/apps/minisite_directing/194/content/8728/download?filename=5d20575fa6cbe9d1e5a046aeef36e7a3.pdf
2026-09-30_ลพบุรี_อุทกภัย,2026-09-30,ภาคกลาง,ลพบุรี,อุทกภัย,5,อ.เมืองฯ อ.ท่าหลวง อ.พัฒนานิคม อ.โคกสำโรง อ.บ้านหมี่,23,84,1657,-,ทรงตัว,กำลังประสบภัย,ปภ. รายงาน 545/2569 วันที่ 30 ก.ย. 2569 เวลา 06.00 น. ตารางหน้า 2; บาดเจ็บ: -; สูญหาย: -; คงเครื่องหมาย - และช่องว่างตามต้นฉบับ,2026-10-01 15:05:17,https://backofficeminisite.disaster.go.th/apiv1/apps/minisite_directing/194/content/8728/download?filename=5d20575fa6cbe9d1e5a046aeef36e7a3.pdf
2026-09-30_ชัยนาท_อุทกภัย,2026-09-30,ภาคกลาง,ชัยนาท,อุทกภัย,6,อ.เมืองฯ อ.มโนรมย์ อ.วัดสิงห์ อ.สรรพยา อ.หันคา อ.หนองมะโมง,28,107,948,-,เพิ่มขึ้น,กำลังประสบภัย,ปภ. รายงาน 545/2569 วันที่ 30 ก.ย. 2569 เวลา 06.00 น. ตารางหน้า 2; บาดเจ็บ: -; สูญหาย: -; คงเครื่องหมาย - และช่องว่างตามต้นฉบับ,2026-10-01 15:05:17,https://backofficeminisite.disaster.go.th/apiv1/apps/minisite_directing/194/content/8728/download?filename=5d20575fa6cbe9d1e5a046aeef36e7a3.pdf
2026-09-30_สิงห์บุรี_อุทกภัย,2026-09-30,ภาคกลาง,สิงห์บุรี,อุทกภัย,3,อ.เมืองฯ อ.อินทร์บุรี อ.พรหมบุรี,3,11,309,-,เพิ่มขึ้น,กำลังประสบภัย,ปภ. รายงาน 545/2569 วันที่ 30 ก.ย. 2569 เวลา 06.00 น. ตารางหน้า 2; บาดเจ็บ: -; สูญหาย: -; คงเครื่องหมาย - และช่องว่างตามต้นฉบับ,2026-10-01 15:05:17,https://backofficeminisite.disaster.go.th/apiv1/apps/minisite_directing/194/content/8728/download?filename=5d20575fa6cbe9d1e5a046aeef36e7a3.pdf
2026-09-30_สุพรรณบุรี_อุทกภัย,2026-09-30,ภาคกลาง,สุพรรณบุรี,อุทกภัย,9,อ.บางปลาม้า อ.สองพี่น้อง อ.ดอนเจดีย์ อ.ศรีประจันต์ อ.เมืองฯ อ.สามชุก อ.เดิมบางนางบวช อ.อู่ทอง อ.ด่านช้าง,92,667,18987,-,เพิ่มขึ้น,กำลังประสบภัย,ปภ. รายงาน 545/2569 วันที่ 30 ก.ย. 2569 เวลา 06.00 น. ตารางหน้า 2; บาดเจ็บ: -; สูญหาย: -; คงเครื่องหมาย - และช่องว่างตามต้นฉบับ,2026-10-01 15:05:17,https://backofficeminisite.disaster.go.th/apiv1/apps/minisite_directing/194/content/8728/download?filename=5d20575fa6cbe9d1e5a046aeef36e7a3.pdf
2026-09-30_กาญจนบุรี_อุทกภัย,2026-09-30,ภาคกลาง,กาญจนบุรี,อุทกภัย,13,อ.ไทรโยค อ.เลาขวัญ อ.ห้วยกระเจา อ.หนองปรือ อ.พนมทวน อ.ด่านมะขามเตี้ย อ.ท่าม่วง อ.ท่ามะกา อ.บ่อพลอย อ.ศรีสวัสดิ์ อ.ทองผาภูมิ อ.เมืองฯ อ.สังขละบุรี,90,884,9635,2,เพิ่มขึ้น,กำลังประสบภัย,ปภ. รายงาน 545/2569 วันที่ 30 ก.ย. 2569 เวลา 06.00 น. ตารางหน้า 3; บาดเจ็บ: -; สูญหาย: -; คงเครื่องหมาย - และช่องว่างตามต้นฉบับ,2026-10-01 15:05:17,https://backofficeminisite.disaster.go.th/apiv1/apps/minisite_directing/194/content/8728/download?filename=5d20575fa6cbe9d1e5a046aeef36e7a3.pdf
2026-09-30_อ่างทอง_อุทกภัย,2026-09-30,ภาคกลาง,อ่างทอง,อุทกภัย,3,อ.ป่าโมก อ.ไชโย อ.วิเศษชัยชาญ,8,24,298,-,ทรงตัว,กำลังประสบภัย,ปภ. รายงาน 545/2569 วันที่ 30 ก.ย. 2569 เวลา 06.00 น. ตารางหน้า 3; บาดเจ็บ: -; สูญหาย: -; คงเครื่องหมาย - และช่องว่างตามต้นฉบับ,2026-10-01 15:05:17,https://backofficeminisite.disaster.go.th/apiv1/apps/minisite_directing/194/content/8728/download?filename=5d20575fa6cbe9d1e5a046aeef36e7a3.pdf
2026-09-30_สระบุรี_อุทกภัย,2026-09-30,ภาคกลาง,สระบุรี,อุทกภัย,13,อ.หนองแซง อ.มวกเหล็ก อ.เมืองฯ อ.พระพุทธบาท อ.แก่งคอย อ.หนองแค อ.วังม่วง อ.หนองโดน อ.วิหารแดง อ.บ้านหมอ อ.ดอนพุด อ.เสาไห้ อ.เฉลิมพระเกียรติ,87,566,5393,1,ลดลง,กำลังประสบภัย,ปภ. รายงาน 545/2569 วันที่ 30 ก.ย. 2569 เวลา 06.00 น. ตารางหน้า 3; บาดเจ็บ: -; สูญหาย: -; คงเครื่องหมาย - และช่องว่างตามต้นฉบับ,2026-10-01 15:05:17,https://backofficeminisite.disaster.go.th/apiv1/apps/minisite_directing/194/content/8728/download?filename=5d20575fa6cbe9d1e5a046aeef36e7a3.pdf
2026-09-30_พระนครศรีอยุธยา_อุทกภัย,2026-09-30,ภาคกลาง,พระนครศรีอยุธยา,อุทกภัย,11,อ.เสนา อ.บางบาล อ.ผักไห่ อ.บางไทร อ.บางปะอิน อ.พระนครศรีอยุธยา อ.บางปะหัน อ.บัวหลวง อ.นครหลวง อ.วังน้อย อ.อุทัย,146,881,34138,1,เพิ่มขึ้น,กำลังประสบภัย,ปภ. รายงาน 545/2569 วันที่ 30 ก.ย. 2569 เวลา 06.00 น. ตารางหน้า 3; บาดเจ็บ: -; สูญหาย: -; คงเครื่องหมาย - และช่องว่างตามต้นฉบับ,2026-10-01 15:05:17,https://backofficeminisite.disaster.go.th/apiv1/apps/minisite_directing/194/content/8728/download?filename=5d20575fa6cbe9d1e5a046aeef36e7a3.pdf
2026-09-30_สมุทรปราการ_อุทกภัย,2026-09-30,ภาคกลาง,สมุทรปราการ,อุทกภัย,6,อ.เมืองฯ อ.บางเสาธง อ.บางพลี อ.บางบ่อ อ.พระประแดง อ.พระสมุทรเจดีย์,38,382,261797,8,ลดลง,กำลังประสบภัย,ปภ. รายงาน 545/2569 วันที่ 30 ก.ย. 2569 เวลา 06.00 น. ตารางหน้า 3; บาดเจ็บ: -; สูญหาย: -; คงเครื่องหมาย - และช่องว่างตามต้นฉบับ,2026-10-01 15:05:17,https://backofficeminisite.disaster.go.th/apiv1/apps/minisite_directing/194/content/8728/download?filename=5d20575fa6cbe9d1e5a046aeef36e7a3.pdf
2026-09-30_ปทุมธานี_อุทกภัย,2026-09-30,ภาคกลาง,ปทุมธานี,อุทกภัย,7,อ.ธัญบุรี อ.เมืองฯ อ.สามโคก อ.คลองหลวง อ.ลำลูกกา อ.หนองเสือ อ.ลาดหลุมแก้ว,55,499,113323,-,เพิ่มขึ้น,กำลังประสบภัย,ปภ. รายงาน 545/2569 วันที่ 30 ก.ย. 2569 เวลา 06.00 น. ตารางหน้า 4; บาดเจ็บ: -; สูญหาย: -; คงเครื่องหมาย - และช่องว่างตามต้นฉบับ,2026-10-01 15:05:17,https://backofficeminisite.disaster.go.th/apiv1/apps/minisite_directing/194/content/8728/download?filename=5d20575fa6cbe9d1e5a046aeef36e7a3.pdf
2026-09-30_นนทบุรี_อุทกภัย,2026-09-30,ภาคกลาง,นนทบุรี,อุทกภัย,3,อ.เมืองฯ อ.บางกรวย อ.ปากเกร็ด,3,3,-,-,ลดลง,กำลังประสบภัย,ปภ. รายงาน 545/2569 วันที่ 30 ก.ย. 2569 เวลา 06.00 น. ตารางหน้า 4; บาดเจ็บ: -; สูญหาย: -; คงเครื่องหมาย - และช่องว่างตามต้นฉบับ,2026-10-01 15:05:17,https://backofficeminisite.disaster.go.th/apiv1/apps/minisite_directing/194/content/8728/download?filename=5d20575fa6cbe9d1e5a046aeef36e7a3.pdf
2026-09-30_นครปฐม_อุทกภัย,2026-09-30,ภาคกลาง,นครปฐม,อุทกภัย,7,อ.เมืองฯ อ.พุทธมณฑล อ.กำแพงแสน อ.นครชัยศรี อ.สามพราน อ.บางเลน อ.ดอนตูม,55,302,10203,-,ทรงตัว,กำลังประสบภัย,ปภ. รายงาน 545/2569 วันที่ 30 ก.ย. 2569 เวลา 06.00 น. ตารางหน้า 4; บาดเจ็บ: -; สูญหาย: -; คงเครื่องหมาย - และช่องว่างตามต้นฉบับ,2026-10-01 15:05:17,https://backofficeminisite.disaster.go.th/apiv1/apps/minisite_directing/194/content/8728/download?filename=5d20575fa6cbe9d1e5a046aeef36e7a3.pdf
2026-09-30_ราชบุรี_อุทกภัย,2026-09-30,ภาคกลาง,ราชบุรี,อุทกภัย,4,อ.โพธาราม อ.บางแพ อ.ดำเนินสะดวก อ.เมืองฯ,23,71,207,-,ลดลง,กำลังประสบภัย,ปภ. รายงาน 545/2569 วันที่ 30 ก.ย. 2569 เวลา 06.00 น. ตารางหน้า 4; บาดเจ็บ: -; สูญหาย: -; คงเครื่องหมาย - และช่องว่างตามต้นฉบับ,2026-10-01 15:05:17,https://backofficeminisite.disaster.go.th/apiv1/apps/minisite_directing/194/content/8728/download?filename=5d20575fa6cbe9d1e5a046aeef36e7a3.pdf
2026-09-30_นครนายก_อุทกภัย,2026-09-30,ภาคตะวันออก,นครนายก,อุทกภัย,4,อ.ปากพลี อ.เมืองฯ อ.บ้านนา อ.องครักษ์,41,397,28028,-,เพิ่มขึ้น,กำลังประสบภัย,ปภ. รายงาน 545/2569 วันที่ 30 ก.ย. 2569 เวลา 06.00 น. ตารางหน้า 4; บาดเจ็บ: -; สูญหาย: -; คงเครื่องหมาย - และช่องว่างตามต้นฉบับ,2026-10-01 15:05:17,https://backofficeminisite.disaster.go.th/apiv1/apps/minisite_directing/194/content/8728/download?filename=5d20575fa6cbe9d1e5a046aeef36e7a3.pdf
2026-09-30_ปราจีนบุรี_อุทกภัย,2026-09-30,ภาคตะวันออก,ปราจีนบุรี,อุทกภัย,7,อ.กบินทร์บุรี อ.ศรีมหาโพธิ อ.นาดี อ.เมืองฯ อ.ประจันตคาม อ.บ้านสร้าง อ.ศรีมโหสถ,61,625,39977,-,เพิ่มขึ้น,กำลังประสบภัย,ปภ. รายงาน 545/2569 วันที่ 30 ก.ย. 2569 เวลา 06.00 น. ตารางหน้า 4; บาดเจ็บ: -; สูญหาย: -; คงเครื่องหมาย - และช่องว่างตามต้นฉบับ,2026-10-01 15:05:17,https://backofficeminisite.disaster.go.th/apiv1/apps/minisite_directing/194/content/8728/download?filename=5d20575fa6cbe9d1e5a046aeef36e7a3.pdf
2026-09-30_ฉะเชิงเทรา_อุทกภัย,2026-09-30,ภาคตะวันออก,ฉะเชิงเทรา,อุทกภัย,11,อ.บางน้ำเปรี้ยว อ.พนมสารคาม อ.บางคล้า อ.ท่าตะเกียบ อ.สนามชัยเขต อ.แปลงยาว อ.เมืองฯ อ.บ้านโพธิ์ อ.บางปะกง อ.คลองเขื่อน อ.ราชสาส์น,65,526,23790,-,เพิ่มขึ้น,กำลังประสบภัย,ปภ. รายงาน 545/2569 วันที่ 30 ก.ย. 2569 เวลา 06.00 น. ตารางหน้า 4; บาดเจ็บ: -; สูญหาย: -; คงเครื่องหมาย - และช่องว่างตามต้นฉบับ,2026-10-01 15:05:17,https://backofficeminisite.disaster.go.th/apiv1/apps/minisite_directing/194/content/8728/download?filename=5d20575fa6cbe9d1e5a046aeef36e7a3.pdf
2026-09-30_สระแก้ว_อุทกภัย,2026-09-30,ภาคตะวันออก,สระแก้ว,อุทกภัย,9,อ.เมืองฯ อ.วัฒนานคร อ.อรัญประเทศ อ.โคกสูง อ.คลองหาด อ.วังน้ำเย็น อ.เขาฉกรรจ์ อ.ตาพระยา อ.วังสมบูรณ์,32,210,15086,6,เพิ่มขึ้น,กำลังประสบภัย,ปภ. รายงาน 545/2569 วันที่ 30 ก.ย. 2569 เวลา 06.00 น. ตารางหน้า 5; บาดเจ็บ: -; สูญหาย: -; คงเครื่องหมาย - และช่องว่างตามต้นฉบับ,2026-10-01 15:05:17,https://backofficeminisite.disaster.go.th/apiv1/apps/minisite_directing/194/content/8728/download?filename=5d20575fa6cbe9d1e5a046aeef36e7a3.pdf
2026-09-30_ชลบุรี_อุทกภัย,2026-09-30,ภาคตะวันออก,ชลบุรี,อุทกภัย,10,อ.เมืองฯ อ.สัตหีบ อ.พนัสนิคม อ.ศรีราชา อ.บางละมุง อ.บ้านบึง อ.หนองใหญ่ อ.เกาะจันทร์ อ.พานทอง อ.บ่อทอง,78,354,118723,-,เพิ่มขึ้น,กำลังประสบภัย,ปภ. รายงาน 545/2569 วันที่ 30 ก.ย. 2569 เวลา 06.00 น. ตารางหน้า 5; บาดเจ็บ: -; สูญหาย: -; คงเครื่องหมาย - และช่องว่างตามต้นฉบับ,2026-10-01 15:05:17,https://backofficeminisite.disaster.go.th/apiv1/apps/minisite_directing/194/content/8728/download?filename=5d20575fa6cbe9d1e5a046aeef36e7a3.pdf
2026-09-30_ระยอง_อุทกภัย,2026-09-30,ภาคตะวันออก,ระยอง,อุทกภัย,5,อ.ปลวกแดง อ.บ้านค่าย อ.เขาชะเมา อ.นิคมพัฒนา อ.แกลง,5,7,350,-,ทรงตัว,กำลังประสบภัย,ปภ. รายงาน 545/2569 วันที่ 30 ก.ย. 2569 เวลา 06.00 น. ตารางหน้า 5; บาดเจ็บ: -; สูญหาย: -; คงเครื่องหมาย - และช่องว่างตามต้นฉบับ,2026-10-01 15:05:17,https://backofficeminisite.disaster.go.th/apiv1/apps/minisite_directing/194/content/8728/download?filename=5d20575fa6cbe9d1e5a046aeef36e7a3.pdf
2026-09-30_จันทบุรี_อุทกภัย,2026-09-30,ภาคตะวันออก,จันทบุรี,อุทกภัย,8,อ.แก่งหางแมว อ.โป่งน้ำร้อน อ.นายายอาม อ.มะขาม อ.ท่าใหม่ อ.ขลุง อ.เมืองฯ อ.แหลมสิงห์,35,299,9326,2,ลดลง,กำลังประสบภัย,ปภ. รายงาน 545/2569 วันที่ 30 ก.ย. 2569 เวลา 06.00 น. ตารางหน้า 5; บาดเจ็บ: -; สูญหาย: -; คงเครื่องหมาย - และช่องว่างตามต้นฉบับ,2026-10-01 15:05:17,https://backofficeminisite.disaster.go.th/apiv1/apps/minisite_directing/194/content/8728/download?filename=5d20575fa6cbe9d1e5a046aeef36e7a3.pdf
2026-09-30_ตราด_อุทกภัย,2026-09-30,ภาคตะวันออก,ตราด,อุทกภัย,3,อ.บ่อไร่ อ.เขาสมิง อ.เมืองฯ,17,138,659,,ทรงตัว,กำลังประสบภัย,ปภ. รายงาน 545/2569 วันที่ 30 ก.ย. 2569 เวลา 06.00 น. ตารางหน้า 5; บาดเจ็บ: ช่องว่าง; สูญหาย: ช่องว่าง; คงเครื่องหมาย - และช่องว่างตามต้นฉบับ,2026-10-01 15:05:17,https://backofficeminisite.disaster.go.th/apiv1/apps/minisite_directing/194/content/8728/download?filename=5d20575fa6cbe9d1e5a046aeef36e7a3.pdf
2026-09-30_บุรีรัมย์_อุทกภัย,2026-09-30,ภาคตะวันออกเฉียงเหนือ,บุรีรัมย์,อุทกภัย,4,อ.นางรอง อ.เฉลิมพระเกียรติ อ.ประโคนชัย อ.พลับพลาชัย,30,244,2855,-,ลดลง,กำลังประสบภัย,ปภ. รายงาน 545/2569 วันที่ 30 ก.ย. 2569 เวลา 06.00 น. ตารางหน้า 5; บาดเจ็บ: -; สูญหาย: -; คงเครื่องหมาย - และช่องว่างตามต้นฉบับ,2026-10-01 15:05:17,https://backofficeminisite.disaster.go.th/apiv1/apps/minisite_directing/194/content/8728/download?filename=5d20575fa6cbe9d1e5a046aeef36e7a3.pdf
2026-09-30_ชัยภูมิ_อุทกภัย,2026-09-30,ภาคตะวันออกเฉียงเหนือ,ชัยภูมิ,อุทกภัย,3,อ.เกษตรสมบูรณ์ อ.บำเหน็จณรงค์ อ.ภูเขียว,10,34,39,-,ลดลง,กำลังประสบภัย,ปภ. รายงาน 545/2569 วันที่ 30 ก.ย. 2569 เวลา 06.00 น. ตารางหน้า 6; บาดเจ็บ: -; สูญหาย: -; คงเครื่องหมาย - และช่องว่างตามต้นฉบับ,2026-10-01 15:05:17,https://backofficeminisite.disaster.go.th/apiv1/apps/minisite_directing/194/content/8728/download?filename=5d20575fa6cbe9d1e5a046aeef36e7a3.pdf
2026-09-30_นครราชสีมา_อุทกภัย,2026-09-30,ภาคตะวันออกเฉียงเหนือ,นครราชสีมา,อุทกภัย,3,อ.ปากช่อง อ.ปักธงชัย อ.ด่านขุนทด,3,4,95,-,ลดลง,กำลังประสบภัย,ปภ. รายงาน 545/2569 วันที่ 30 ก.ย. 2569 เวลา 06.00 น. ตารางหน้า 6; บาดเจ็บ: -; สูญหาย: -; คงเครื่องหมาย - และช่องว่างตามต้นฉบับ,2026-10-01 15:05:17,https://backofficeminisite.disaster.go.th/apiv1/apps/minisite_directing/194/content/8728/download?filename=5d20575fa6cbe9d1e5a046aeef36e7a3.pdf
2026-09-30_สุรินทร์_อุทกภัย,2026-09-30,ภาคตะวันออกเฉียงเหนือ,สุรินทร์,อุทกภัย,2,อ.พนมดงรัก อ.ปราสาท,10,65,200,-,ลดลง,กำลังประสบภัย,ปภ. รายงาน 545/2569 วันที่ 30 ก.ย. 2569 เวลา 06.00 น. ตารางหน้า 6; บาดเจ็บ: -; สูญหาย: -; คงเครื่องหมาย - และช่องว่างตามต้นฉบับ,2026-10-01 15:05:17,https://backofficeminisite.disaster.go.th/apiv1/apps/minisite_directing/194/content/8728/download?filename=5d20575fa6cbe9d1e5a046aeef36e7a3.pdf
2026-09-30_กรุงเทพมหานคร_อุทกภัย,2026-09-30,กรุงเทพมหานคร,กรุงเทพมหานคร,อุทกภัย,-,-,-,-,329000,4,ทรงตัว,กำลังประสบภัย,ปภ. รายงาน 545/2569 วันที่ 30 ก.ย. 2569 เวลา 06.00 น. ตารางหน้า 6; บาดเจ็บ: -; สูญหาย: -; คงเครื่องหมาย - และช่องว่างตามต้นฉบับ,2026-10-01 15:05:17,https://backofficeminisite.disaster.go.th/apiv1/apps/minisite_directing/194/content/8728/download?filename=5d20575fa6cbe9d1e5a046aeef36e7a3.pdf
