อ่างเก็บน้ำ,,"ความจุที่
รนก.
(ล้าน ม3)",,,ปริมาตรน้ำในอ่างฯ,,,,,,ปริมาตรน้ำใช้การได้,,,,,,,,,ปริมาตรน้ำไหลลงอ่างฯ,,,,,,ปริมาตรน้ำระบาย,,,,,"ปริมาตรน้ำ
รับได้อีก
(ล้าน ม3)",
,,,,,ปริมาตร,,,% น้ำ,,,ปริมาตร,,,% น้ำ,,,,,,วันนี้,,,เมื่อวาน,,,วันนี้,,,เมื่อวาน,,,
,,,,,(ล้าน ม3),,,เก็บกัก,,,(ล้าน ม3),,,ใช้การ,,,,,,(ล้าน ม3),,,(ล้าน ม3),,,(ล้าน ม3),,,(ล้าน 3),,,
,1. แม่งัดสมบูรณ์ชล (ชม),265,,246,,,93,,,233,,,92,,,,,,,0.84,,1.09,,,,0.51,,,0.42,,19,
,2. กิ่วลม (ลป),106,,96,,,91,,,93,,,90,,,,,,,2.31,,1.87,,,,2.07,,,1.79,,10,
,3. กิ่วคอหมา (ลป),170,,161,,,95,,,155,,,95,,,,,,,1.06,,1.20,,,,0.39,,,0.39,,9,
,4. สิรินธร (อบ),"1,966",,"1,798",,,91,,,967,,,85,,,,,,,6.72,,11.59,,,,8.63,,,10.77,,168,
,5. ป่าสักชลสิทธิ์ (ลบ),872,,891,,,102,,,877,,,102,,,,,,,52.95,,63.74,,,,2.16,,,2.17,,-19,
,6. ศรีนครินทร์ (กจ),"17,745",,"16,374",,,92,,,"6,109",,,82,,,,,,,240.93,,194.06,,,,2.01,,,3.94,,"1,371",
,7. วชิราลงกรณ (กจ),"8,860",,"8,534",,,96,,,"5,522",,,94,,,,,,,287.63,,108.84,,,,0.00,,,0.00,,326,
,8. ขุนด่านปราการชล (นย),224,,217,,,97,,,213,,,97,,,,,,,11.48,,14.29,,,,13.41,,,19.43,,7,
,9. คลองสียัด (ฉช),420,,420,,,100,,,390,,,100,,,,,,,48.54,,50.44,,,,43.41,,,24.82,,0,
,10. หนองปลาไหล (รย),164,,144,,,88,,,131,,,87,,,,,,,10.05,,14.88,,,,0.43,,,0.41,,20,
,11. ประแสร์ (รย),295,,338,,,115,,,318,,,116,,,,,,,33.19,,27.50,,,,33.20,,,27.94,,-43,
,12. นฤบดินทร์จินดา (ปจ),295,,270,,,92,,,256,,,91,,,,,,,5.47,,8.23,,,,0.00,,,0.00,,25,
,13. แก่งกระจาน (พบ),710,,701,,,99,,,636,,,99,,,,,,,39.39,,39.42,,,,8.64,,,8.64,,9,
,*หมายเหต ุ,ปริมาณน้ำที่มากกวา่ ร้อยละ 80,,,,,,,,,,,,,,,ปริมาณน้ำที่น้อยกวา่ หรือเท่ากบั ร้อยละ 30,,,,,,,,,,,,,,,
